IncId,Description,Submitter,CreateDate,IncidentStatus,AssignedGroup,Region,City,Category,WorkLog,Hub,Node,Agent,AlertDetails,AlertProcessId,AlertKey,Related_Tickets,Related_CR,CR_Description,CR_StartTime,CR_EndTime,CR_Region
INC0001,Node Down reported in Philadelphia. Automated monitoring detected abnormal behavior.,CustomerCare,1759628011,Open,VideoOps,East,Philadelphia,Node Down,"{""notes"": ""Initial triage performed"", ""updated_by"": ""PulseAI""}",HUB-D4,NODE-505,PulseAI,Signal drop detected,241263,HUB-D4-NODE-505-241263,INC0433,CR71375,Planned power cycle maintenance,,,East
INC0002,Packet Loss reported in Salt Lake City. Automated monitoring detected abnormal behavior.,Technician,1752199145,In Progress,NOC-Level1,West,Salt Lake City,Packet Loss,"{""notes"": ""Initial triage performed"", ""updated_by"": ""NoiseReducer""}",HUB-B1,NODE-505,NoiseReducer,Frequent modem resets observed,482706,HUB-B1-NODE-505-482706,INC0232,CR35808,Planned CMTS software upgrade,1752188345,1752202745,West
INC0003,Video Outage reported in Miami. Automated monitoring detected abnormal behavior.,Technician,1762332550,Resolved,NOC-Level1,South,Miami,Video Outage,"{""notes"": ""Initial triage performed"", ""updated_by"": ""SignalAnalyzer""}",HUB-D4,NODE-101,SignalAnalyzer,Signal drop detected,539700,HUB-D4-NODE-101-539700,INC0267,CR17741,Core router reboot for patching,1762321750,1762332550,South
INC0004,Hub Issue reported in Salt Lake City. Automated monitoring detected abnormal behavior.,System,1751019739,Cancelled,NOC-Level2,West,Salt Lake City,Hub Issue,"{""notes"": ""Initial triage performed"", ""updated_by"": ""PulseAI""}",HUB-A1,NODE-505,PulseAI,MAC domain downstream failure,367688,HUB-A1-NODE-505-367688,INC0462,CR67028,Optical node recalibration event,1751034139,1751066539,West
INC0005,Modem Offline reported in Denver. Automated monitoring detected abnormal behavior.,Technician,1758913258,Open,VideoOps,West,Denver,Modem Offline,"{""notes"": ""Initial triage performed"", ""updated_by"": ""NoiseReducer""}",HUB-A1,NODE-404,NoiseReducer,Optical power low,473567,HUB-A1-NODE-404-473567,INC0420,CR56952,Core router reboot for patching,,,West
INC0006,Modem Offline reported in Boulder. Automated monitoring detected abnormal behavior.,Technician,1763839343,Cancelled,FieldOps,West,Boulder,Modem Offline,"{""notes"": ""Initial triage performed"", ""updated_by"": ""PulseAI""}",HUB-B1,NODE-303,PulseAI,CMTS upstream channel flap,145230,HUB-B1-NODE-303-145230,INC0250,CR17191,Fiber maintenance activity,1763853743,1763860943,West
INC0007,Authentication Failure reported in Houston. Automated monitoring detected abnormal behavior.,Technician,1756336863,Cancelled,FieldOps,South,Houston,Authentication Failure,"{""notes"": ""Initial triage performed"", ""updated_by"": ""PulseAI""}",HUB-C2,NODE-505,PulseAI,MAC domain downstream failure,711548,HUB-C2-NODE-505-711548,INC0250,CR83022,Optical node recalibration event,1756351263,1756383663,South
INC0008,Fiber Cut reported in Miami. Automated monitoring detected abnormal behavior.,System,1751661573,Open,NOC-Level1,South,Miami,Fiber Cut,"{""notes"": ""Initial triage performed"", ""updated_by"": ""AlertBot""}",HUB-D4,NODE-303,AlertBot,High SNR variance,198927,HUB-D4-NODE-303-198927,INC0271,CR90580,Optical node recalibration event,1751665173,1751690373,South
INC0009,Slow Speed reported in Denver. Automated monitoring detected abnormal behavior.,Technician,1752361323,Resolved,NOC-Level1,West,Denver,Slow Speed,"{""notes"": ""Initial triage performed"", ""updated_by"": ""SignalAnalyzer""}",HUB-D4,NODE-303,SignalAnalyzer,Optical power low,270455,HUB-D4-NODE-303-270455,INC0119,CR65300,Scheduled hub clean-up activity,,,West
INC0010,Slow Speed reported in Miami. Automated monitoring detected abnormal behavior.,System,1756795612,In Progress,NetEng,South,Miami,Slow Speed,"{""notes"": ""Initial triage performed"", ""updated_by"": ""SignalAnalyzer""}",HUB-A1,NODE-202,SignalAnalyzer,High SNR variance,424493,HUB-A1-NODE-202-424493,INC0291,CR18339,Core router reboot for patching,1756799212,1756835212,South
INC0011,Node Down reported in St. Louis. Automated monitoring detected abnormal behavior.,Technician,1764436396,Resolved,NOC-Level1,Central,St. Louis,Node Down,"{""notes"": ""Initial triage performed"", ""updated_by"": ""PulseAI""}",HUB-B1,NODE-505,PulseAI,CMTS upstream channel flap,940239,HUB-B1-NODE-505-940239,INC0202,CR56207,Planned power cycle maintenance,1764457996,1764468796,Central
INC0012,Node Down reported in Boulder. Automated monitoring detected abnormal behavior.,System,1751813187,Cancelled,NOC-Level1,West,Boulder,Node Down,"{""notes"": ""Initial triage performed"", ""updated_by"": ""SignalAnalyzer""}",HUB-C2,NODE-202,SignalAnalyzer,Video feed disruption,934473,HUB-C2-NODE-202-934473,INC0172,CR69940,Optical node recalibration event,1751816787,1751841987,West
INC0013,Fiber Cut reported in Miami. Automated monitoring detected abnormal behavior.,System,1755802153,In Progress,NOC-Level1,South,Miami,Fiber Cut,"{""notes"": ""Initial triage performed"", ""updated_by"": ""PulseAI""}",HUB-D4,NODE-505,PulseAI,CMTS upstream channel flap,532680,HUB-D4-NODE-505-532680,INC0007,CR63982,Fiber maintenance activity,1755791353,1755816553,South
INC0014,Modem Offline reported in Philadelphia. Automated monitoring detected abnormal behavior.,BMC-Remedy,1753601697,In Progress,NOC-Level1,East,Philadelphia,Modem Offline,"{""notes"": ""Initial triage performed"", ""updated_by"": ""SignalAnalyzer""}",HUB-A1,NODE-404,SignalAnalyzer,Optical power low,116805,HUB-A1-NODE-404-116805,INC0460,CR70556,Fiber maintenance activity,1753590897,1753612497,East
INC0015,Internet Down reported in Boston. Automated monitoring detected abnormal behavior.,BMC-Remedy,1750272792,Resolved,NOC-Level1,East,Boston,Internet Down,"{""notes"": ""Initial triage performed"", ""updated_by"": ""NoiseReducer""}",HUB-D4,NODE-404,NoiseReducer,Optical power low,796112,HUB-D4-NODE-404-796112,INC0214,CR69286,Optical node recalibration event,1750265592,1750290792,East
INC0016,Video Outage reported in Houston. Automated monitoring detected abnormal behavior.,CustomerCare,1761181279,Open,NOC-Level1,South,Houston,Video Outage,"{""notes"": ""Initial triage performed"", ""updated_by"": ""SignalAnalyzer""}",HUB-D4,NODE-404,SignalAnalyzer,High SNR variance,582144,HUB-D4-NODE-404-582144,INC0146,CR99903,Backbone congestion mitigation changes,1761170479,1761195679,South
INC0017,Video Outage reported in Dallas. Automated monitoring detected abnormal behavior.,Technician,1757253012,Open,NOC-Level1,Central,Dallas,Video Outage,"{""notes"": ""Initial triage performed"", ""updated_by"": ""NoiseReducer""}",HUB-B1,NODE-303,NoiseReducer,CMTS upstream channel flap,921774,HUB-B1-NODE-303-921774,INC0271,CR96209,Planned CMTS software upgrade,1757242212,1757256612,Central
INC0018,Slow Speed reported in Atlanta. Automated monitoring detected abnormal behavior.,System,1754447317,Open,NetEng,South,Atlanta,Slow Speed,"{""notes"": ""Initial triage performed"", ""updated_by"": ""PulseAI""}",HUB-B1,NODE-303,PulseAI,MAC domain downstream failure,661818,HUB-B1-NODE-303-661818,INC0032,CR35772,Fiber maintenance activity,1754454517,1754468917,South
INC0019,Modem Offline reported in Houston. Automated monitoring detected abnormal behavior.,BMC-Remedy,1763814326,Open,NOC-Level2,South,Houston,Modem Offline,"{""notes"": ""Initial triage performed"", ""updated_by"": ""SignalAnalyzer""}",HUB-D4,NODE-202,SignalAnalyzer,High SNR variance,400615,HUB-D4-NODE-202-400615,INC0271,CR93152,Core router reboot for patching,1763803526,1763835926,South
INC0020,Hub Issue reported in Dallas. Automated monitoring detected abnormal behavior.,Technician,1760530000,Cancelled,NOC-Level1,Central,Dallas,Hub Issue,"{""notes"": ""Initial triage performed"", ""updated_by"": ""SignalAnalyzer""}",HUB-D4,NODE-303,SignalAnalyzer,Video feed disruption,310146,HUB-D4-NODE-303-310146,INC0415,CR91963,Core router reboot for patching,,,Central
INC0021,Video Outage reported in Houston. Automated monitoring detected abnormal behavior.,CustomerCare,1762550030,Cancelled,NOC-Level2,South,Houston,Video Outage,"{""notes"": ""Initial triage performed"", ""updated_by"": ""SignalAnalyzer""}",HUB-B1,NODE-101,SignalAnalyzer,CMTS upstream channel flap,433227,HUB-B1-NODE-101-433227,INC0129,CR20714,Planned CMTS software upgrade,1762539230,1762582430,South
INC0022,Node Down reported in St. Louis. Automated monitoring detected abnormal behavior.,AutoMonitor,1753949334,In Progress,NOC-Level2,Central,St. Louis,Node Down,"{""notes"": ""Initial triage performed"", ""updated_by"": ""NoiseReducer""}",HUB-C2,NODE-202,NoiseReducer,High SNR variance,224376,HUB-C2-NODE-202-224376,INC0196,CR39069,Planned power cycle maintenance,,,Central
INC0023,Internet Down reported in Denver. Automated monitoring detected abnormal behavior.,BMC-Remedy,1753324744,Resolved,NetEng,West,Denver,Internet Down,"{""notes"": ""Initial triage performed"", ""updated_by"": ""PulseAI""}",HUB-A1,NODE-404,PulseAI,Frequent modem resets observed,543709,HUB-A1-NODE-404-543709,INC0267,CR72225,Core router reboot for patching,1753313944,1753328344,West
INC0024,Packet Loss reported in Dallas. Automated monitoring detected abnormal behavior.,Technician,1751573621,Resolved,VideoOps,Central,Dallas,Packet Loss,"{""notes"": ""Initial triage performed"", ""updated_by"": ""SignalAnalyzer""}",HUB-B1,NODE-202,SignalAnalyzer,Optical power low,505183,HUB-B1-NODE-202-505183,INC0471,CR85680,Planned CMTS software upgrade,,,Central
INC0025,Slow Speed reported in Houston. Automated monitoring detected abnormal behavior.,AutoMonitor,1760150846,Resolved,FieldOps,South,Houston,Slow Speed,"{""notes"": ""Initial triage performed"", ""updated_by"": ""NoiseReducer""}",HUB-A1,NODE-505,NoiseReducer,CMTS upstream channel flap,192134,HUB-A1-NODE-505-192134,INC0495,CR54421,Scheduled hub clean-up activity,1760168846,1760183246,South
INC0026,Internet Down reported in Atlanta. Automated monitoring detected abnormal behavior.,Technician,1755672128,Resolved,VideoOps,South,Atlanta,Internet Down,"{""notes"": ""Initial triage performed"", ""updated_by"": ""AlertBot""}",HUB-C2,NODE-202,AlertBot,MAC domain downstream failure,897487,HUB-C2-NODE-202-897487,INC0433,CR62591,Planned power cycle maintenance,1755661328,1755675728,South
INC0027,Node Down reported in Salt Lake City. Automated monitoring detected abnormal behavior.,System,1760444764,Open,NOC-Level1,West,Salt Lake City,Node Down,"{""notes"": ""Initial triage performed"", ""updated_by"": ""SignalAnalyzer""}",HUB-B1,NODE-101,SignalAnalyzer,Optical power low,971581,HUB-B1-NODE-101-971581,INC0458,CR74213,Optical node recalibration event,,,West
INC0028,Modem Offline reported in St. Louis. Automated monitoring detected abnormal behavior.,AutoMonitor,1759403673,In Progress,FieldOps,Central,St. Louis,Modem Offline,"{""notes"": ""Initial triage performed"", ""updated_by"": ""AlertBot""}",HUB-B1,NODE-303,AlertBot,High SNR variance,270454,HUB-B1-NODE-303-270454,INC0132,CR57439,Backbone congestion mitigation changes,,,Central
INC0029,Fiber Cut reported in Chicago. Automated monitoring detected abnormal behavior.,CustomerCare,1751507048,Open,NOC-Level2,Central,Chicago,Fiber Cut,"{""notes"": ""Initial triage performed"", ""updated_by"": ""AutoMonitorX""}",HUB-C2,NODE-404,AutoMonitorX,Signal drop detected,231556,HUB-C2-NODE-404-231556,INC0393,CR53331,Backbone congestion mitigation changes,1751528648,1751543048,Central
INC0030,Modem Offline reported in Salt Lake City. Automated monitoring detected abnormal behavior.,AutoMonitor,1753215507,Resolved,VideoOps,West,Salt Lake City,Modem Offline,"{""notes"": ""Initial triage performed"", ""updated_by"": ""NoiseReducer""}",HUB-A1,NODE-303,NoiseReducer,CMTS upstream channel flap,642667,HUB-A1-NODE-303-642667,INC0239,CR90564,Planned power cycle maintenance,1753208307,1753233507,West
INC0031,Modem Offline reported in St. Louis. Automated monitoring detected abnormal behavior.,CustomerCare,1764505058,Resolved,VideoOps,Central,St. Louis,Modem Offline,"{""notes"": ""Initial triage performed"", ""updated_by"": ""AutoMonitorX""}",HUB-B1,NODE-303,AutoMonitorX,CMTS upstream channel flap,842131,HUB-B1-NODE-303-842131,INC0141,CR87599,Planned power cycle maintenance,1764512258,1764551858,Central
INC0032,Fiber Cut reported in Boston. Automated monitoring detected abnormal behavior.,System,1757707671,In Progress,NetEng,East,Boston,Fiber Cut,"{""notes"": ""Initial triage performed"", ""updated_by"": ""PulseAI""}",HUB-D4,NODE-303,PulseAI,Video feed disruption,357225,HUB-D4-NODE-303-357225,INC0206,CR87703,Planned power cycle maintenance,1757696871,1757740071,East
INC0033,CMTS Congestion reported in New York. Automated monitoring detected abnormal behavior.,Technician,1756367103,Cancelled,NOC-Level1,East,New York,CMTS Congestion,"{""notes"": ""Initial triage performed"", ""updated_by"": ""NoiseReducer""}",HUB-B1,NODE-101,NoiseReducer,MAC domain downstream failure,940173,HUB-B1-NODE-101-940173,INC0133,CR80041,Planned CMTS software upgrade,,,East
INC0034,Modem Offline reported in Boulder. Automated monitoring detected abnormal behavior.,BMC-Remedy,1753549911,In Progress,VideoOps,West,Boulder,Modem Offline,"{""notes"": ""Initial triage performed"", ""updated_by"": ""AlertBot""}",HUB-B1,NODE-303,AlertBot,High SNR variance,480217,HUB-B1-NODE-303-480217,INC0295,CR52166,Scheduled hub clean-up activity,,,West
INC0035,Internet Down reported in Houston. Automated monitoring detected abnormal behavior.,AutoMonitor,1762054256,Resolved,NetEng,South,Houston,Internet Down,"{""notes"": ""Initial triage performed"", ""updated_by"": ""SignalAnalyzer""}",HUB-A1,NODE-505,SignalAnalyzer,Optical power low,782308,HUB-A1-NODE-505-782308,INC0255,CR99771,Optical node recalibration event,1762047056,1762057856,South
INC0036,Modem Offline reported in Miami. Automated monitoring detected abnormal behavior.,System,1750729218,In Progress,VideoOps,South,Miami,Modem Offline,"{""notes"": ""Initial triage performed"", ""updated_by"": ""AutoMonitorX""}",HUB-B1,NODE-202,AutoMonitorX,MAC domain downstream failure,156671,HUB-B1-NODE-202-156671,INC0124,CR84621,Fiber maintenance activity,1750722018,1750758018,South
INC0037,Video Outage reported in Dallas. Automated monitoring detected abnormal behavior.,CustomerCare,1763707538,Resolved,NOC-Level2,Central,Dallas,Video Outage,"{""notes"": ""Initial triage performed"", ""updated_by"": ""NoiseReducer""}",HUB-B1,NODE-303,NoiseReducer,Signal drop detected,457881,HUB-B1-NODE-303-457881,INC0051,CR45645,Fiber maintenance activity,1763711138,1763754338,Central
INC0038,Packet Loss reported in Philadelphia. Automated monitoring detected abnormal behavior.,Technician,1750223845,Cancelled,FieldOps,East,Philadelphia,Packet Loss,"{""notes"": ""Initial triage performed"", ""updated_by"": ""AutoMonitorX""}",HUB-B1,NODE-404,AutoMonitorX,Signal drop detected,690115,HUB-B1-NODE-404-690115,INC0407,CR70397,Backbone congestion mitigation changes,,,East
INC0039,Packet Loss reported in Miami. Automated monitoring detected abnormal behavior.,CustomerCare,1752405498,In Progress,VideoOps,South,Miami,Packet Loss,"{""notes"": ""Initial triage performed"", ""updated_by"": ""SignalAnalyzer""}",HUB-A1,NODE-505,SignalAnalyzer,MAC domain downstream failure,693744,HUB-A1-NODE-505-693744,INC0225,CR70566,Scheduled hub clean-up activity,,,South
INC0040,Authentication Failure reported in Atlanta. Automated monitoring detected abnormal behavior.,CustomerCare,1763248789,Open,NOC-Level2,South,Atlanta,Authentication Failure,"{""notes"": ""Initial triage performed"", ""updated_by"": ""AutoMonitorX""}",HUB-B1,NODE-404,AutoMonitorX,Signal drop detected,826171,HUB-B1-NODE-404-826171,INC0021,CR98682,Scheduled hub clean-up activity,1763237989,1763248789,South
INC0041,Modem Offline reported in Miami. Automated monitoring detected abnormal behavior.,Technician,1759978738,Resolved,FieldOps,South,Miami,Modem Offline,"{""notes"": ""Initial triage performed"", ""updated_by"": ""AutoMonitorX""}",HUB-A1,NODE-303,AutoMonitorX,Signal drop detected,796935,HUB-A1-NODE-303-796935,INC0092,CR23583,Backbone congestion mitigation changes,,,South
INC0042,CMTS Congestion reported in Boulder. Automated monitoring detected abnormal behavior.,CustomerCare,1764332038,Open,FieldOps,West,Boulder,CMTS Congestion,"{""notes"": ""Initial triage performed"", ""updated_by"": ""SignalAnalyzer""}",HUB-B1,NODE-202,SignalAnalyzer,Video feed disruption,877546,HUB-B1-NODE-202-877546,INC0413,CR50417,Core router reboot for patching,,,West
INC0043,Authentication Failure reported in Atlanta. Automated monitoring detected abnormal behavior.,System,1763211148,Resolved,NOC-Level1,South,Atlanta,Authentication Failure,"{""notes"": ""Initial triage performed"", ""updated_by"": ""SignalAnalyzer""}",HUB-C2,NODE-101,SignalAnalyzer,CMTS upstream channel flap,487070,HUB-C2-NODE-101-487070,INC0259,CR65655,Optical node recalibration event,1763232748,1763254348,South
INC0044,Authentication Failure reported in Houston. Automated monitoring detected abnormal behavior.,AutoMonitor,1761749201,Open,VideoOps,South,Houston,Authentication Failure,"{""notes"": ""Initial triage performed"", ""updated_by"": ""PulseAI""}",HUB-B1,NODE-505,PulseAI,Video feed disruption,366304,HUB-B1-NODE-505-366304,INC0194,CR56341,Fiber maintenance activity,1761742001,1761763601,South
INC0045,Authentication Failure reported in Boulder. Automated monitoring detected abnormal behavior.,System,1750941659,In Progress,NOC-Level1,West,Boulder,Authentication Failure,"{""notes"": ""Initial triage performed"", ""updated_by"": ""SignalAnalyzer""}",HUB-C2,NODE-404,SignalAnalyzer,MAC domain downstream failure,790767,HUB-C2-NODE-404-790767,INC0440,CR92231,Backbone congestion mitigation changes,,,West
INC0046,Internet Down reported in New York. Automated monitoring detected abnormal behavior.,System,1751397692,In Progress,FieldOps,East,New York,Internet Down,"{""notes"": ""Initial triage performed"", ""updated_by"": ""AutoMonitorX""}",HUB-B1,NODE-101,AutoMonitorX,Optical power low,308526,HUB-B1-NODE-101-308526,INC0163,CR58318,Fiber maintenance activity,1751390492,1751394092,East
INC0047,Fiber Cut reported in Boulder. Automated monitoring detected abnormal behavior.,Technician,1758544979,Open,NOC-Level2,West,Boulder,Fiber Cut,"{""notes"": ""Initial triage performed"", ""updated_by"": ""PulseAI""}",HUB-B1,NODE-101,PulseAI,Video feed disruption,496826,HUB-B1-NODE-101-496826,INC0235,CR49528,Fiber maintenance activity,,,West
INC0048,Hub Issue reported in Boulder. Automated monitoring detected abnormal behavior.,CustomerCare,1755973735,In Progress,NOC-Level1,West,Boulder,Hub Issue,"{""notes"": ""Initial triage performed"", ""updated_by"": ""AlertBot""}",HUB-B1,NODE-303,AlertBot,High SNR variance,296733,HUB-B1-NODE-303-296733,INC0130,CR42115,Core router reboot for patching,,,West
INC0049,Node Down reported in Miami. Automated monitoring detected abnormal behavior.,BMC-Remedy,1750933522,Cancelled,FieldOps,South,Miami,Node Down,"{""notes"": ""Initial triage performed"", ""updated_by"": ""AlertBot""}",HUB-A1,NODE-202,AlertBot,Video feed disruption,404021,HUB-A1-NODE-202-404021,INC0117,CR23418,Planned power cycle maintenance,,,South
INC0050,Slow Speed reported in Chicago. Automated monitoring detected abnormal behavior.,System,1757871481,Resolved,NetEng,Central,Chicago,Slow Speed,"{""notes"": ""Initial triage performed"", ""updated_by"": ""AlertBot""}",HUB-A1,NODE-202,AlertBot,MAC domain downstream failure,170347,HUB-A1-NODE-202-170347,INC0103,CR11446,Planned power cycle maintenance,1757860681,1757885881,Central
INC0051,Hub Issue reported in Salt Lake City. Automated monitoring detected abnormal behavior.,AutoMonitor,1752930237,In Progress,VideoOps,West,Salt Lake City,Hub Issue,"{""notes"": ""Initial triage performed"", ""updated_by"": ""NoiseReducer""}",HUB-A1,NODE-505,NoiseReducer,Video feed disruption,308629,HUB-A1-NODE-505-308629,INC0016,CR68899,Planned CMTS software upgrade,1752923037,1752962637,West
INC0052,Video Outage reported in Dallas. Automated monitoring detected abnormal behavior.,CustomerCare,1751576168,In Progress,VideoOps,Central,Dallas,Video Outage,"{""notes"": ""Initial triage performed"", ""updated_by"": ""SignalAnalyzer""}",HUB-C2,NODE-404,SignalAnalyzer,Frequent modem resets observed,394963,HUB-C2-NODE-404-394963,INC0006,CR67449,Planned power cycle maintenance,1751597768,1751626568,Central
INC0053,Packet Loss reported in Denver. Automated monitoring detected abnormal behavior.,Technician,1763240897,Cancelled,FieldOps,West,Denver,Packet Loss,"{""notes"": ""Initial triage performed"", ""updated_by"": ""AutoMonitorX""}",HUB-B1,NODE-101,AutoMonitorX,Optical power low,658694,HUB-B1-NODE-101-658694,INC0264,CR27895,Planned power cycle maintenance,1763230097,1763244497,West
INC0054,Hub Issue reported in Philadelphia. Automated monitoring detected abnormal behavior.,AutoMonitor,1763654865,Cancelled,NOC-Level1,East,Philadelphia,Hub Issue,"{""notes"": ""Initial triage performed"", ""updated_by"": ""PulseAI""}",HUB-A1,NODE-202,PulseAI,Optical power low,317104,HUB-A1-NODE-202-317104,INC0393,CR56157,Backbone congestion mitigation changes,1763665665,1763672865,East
INC0055,Node Down reported in Miami. Automated monitoring detected abnormal behavior.,BMC-Remedy,1754184561,Cancelled,NetEng,South,Miami,Node Down,"{""notes"": ""Initial triage performed"", ""updated_by"": ""PulseAI""}",HUB-A1,NODE-505,PulseAI,Optical power low,259666,HUB-A1-NODE-505-259666,INC0039,CR45078,Planned CMTS software upgrade,,,South
INC0056,Slow Speed reported in St. Louis. Automated monitoring detected abnormal behavior.,Technician,1754135238,In Progress,NOC-Level2,Central,St. Louis,Slow Speed,"{""notes"": ""Initial triage performed"", ""updated_by"": ""AlertBot""}",HUB-B1,NODE-202,AlertBot,Frequent modem resets observed,118558,HUB-B1-NODE-202-118558,INC0373,CR29402,Scheduled hub clean-up activity,1754124438,1754160438,Central
INC0057,Authentication Failure reported in Dallas. Automated monitoring detected abnormal behavior.,Technician,1764068191,Resolved,NetEng,Central,Dallas,Authentication Failure,"{""notes"": ""Initial triage performed"", ""updated_by"": ""AutoMonitorX""}",HUB-D4,NODE-303,AutoMonitorX,Signal drop detected,312674,HUB-D4-NODE-303-312674,INC0241,CR20995,Planned power cycle maintenance,,,Central
INC0058,Packet Loss reported in Dallas. Automated monitoring detected abnormal behavior.,Technician,1754922280,Open,NetEng,Central,Dallas,Packet Loss,"{""notes"": ""Initial triage performed"", ""updated_by"": ""AutoMonitorX""}",HUB-C2,NODE-505,AutoMonitorX,Frequent modem resets observed,786645,HUB-C2-NODE-505-786645,INC0383,CR72886,Planned power cycle maintenance,1754940280,1754951080,Central
INC0059,Hub Issue reported in Boston. Automated monitoring detected abnormal behavior.,AutoMonitor,1753227439,In Progress,NetEng,East,Boston,Hub Issue,"{""notes"": ""Initial triage performed"", ""updated_by"": ""AlertBot""}",HUB-C2,NODE-101,AlertBot,Frequent modem resets observed,491666,HUB-C2-NODE-101-491666,INC0192,CR49225,Optical node recalibration event,1753234639,1753274239,East
INC0060,Fiber Cut reported in Houston. Automated monitoring detected abnormal behavior.,Technician,1755972353,In Progress,NetEng,South,Houston,Fiber Cut,"{""notes"": ""Initial triage performed"", ""updated_by"": ""PulseAI""}",HUB-A1,NODE-404,PulseAI,Optical power low,470835,HUB-A1-NODE-404-470835,INC0142,CR57156,Fiber maintenance activity,1755975953,1756015553,South
INC0061,Video Outage reported in Salt Lake City. Automated monitoring detected abnormal behavior.,AutoMonitor,1762149024,Resolved,NOC-Level2,West,Salt Lake City,Video Outage,"{""notes"": ""Initial triage performed"", ""updated_by"": ""NoiseReducer""}",HUB-D4,NODE-303,NoiseReducer,MAC domain downstream failure,405355,HUB-D4-NODE-303-405355,INC0461,CR70173,Fiber maintenance activity,,,West
INC0062,Hub Issue reported in Atlanta. Automated monitoring detected abnormal behavior.,CustomerCare,1750991818,Open,NetEng,South,Atlanta,Hub Issue,"{""notes"": ""Initial triage performed"", ""updated_by"": ""AlertBot""}",HUB-D4,NODE-404,AlertBot,High SNR variance,557880,HUB-D4-NODE-404-557880,INC0348,CR94304,Optical node recalibration event,1750999018,1751009818,South
INC0063,Node Down reported in Houston. Automated monitoring detected abnormal behavior.,BMC-Remedy,1765579185,Resolved,FieldOps,South,Houston,Node Down,"{""notes"": ""Initial triage performed"", ""updated_by"": ""NoiseReducer""}",HUB-A1,NODE-404,NoiseReducer,Optical power low,521483,HUB-A1-NODE-404-521483,INC0107,CR64939,Fiber maintenance activity,,,South
INC0064,Packet Loss reported in Chicago. Automated monitoring detected abnormal behavior.,BMC-Remedy,1762329090,Resolved,NOC-Level1,Central,Chicago,Packet Loss,"{""notes"": ""Initial triage performed"", ""updated_by"": ""AutoMonitorX""}",HUB-D4,NODE-404,AutoMonitorX,MAC domain downstream failure,227143,HUB-D4-NODE-404-227143,INC0113,CR43541,Fiber maintenance activity,1762339890,1762368690,Central
INC0065,Slow Speed reported in Philadelphia. Automated monitoring detected abnormal behavior.,System,1750561527,In Progress,FieldOps,East,Philadelphia,Slow Speed,"{""notes"": ""Initial triage performed"", ""updated_by"": ""NoiseReducer""}",HUB-B1,NODE-404,NoiseReducer,Signal drop detected,555142,HUB-B1-NODE-404-555142,INC0146,CR87445,Core router reboot for patching,,,East
INC0066,Slow Speed reported in Atlanta. Automated monitoring detected abnormal behavior.,Technician,1759351702,Cancelled,NOC-Level2,South,Atlanta,Slow Speed,"{""notes"": ""Initial triage performed"", ""updated_by"": ""NoiseReducer""}",HUB-B1,NODE-404,NoiseReducer,High SNR variance,706645,HUB-B1-NODE-404-706645,INC0277,CR72516,Planned power cycle maintenance,,,South
INC0067,Fiber Cut reported in New York. Automated monitoring detected abnormal behavior.,CustomerCare,1757785750,Open,FieldOps,East,New York,Fiber Cut,"{""notes"": ""Initial triage performed"", ""updated_by"": ""NoiseReducer""}",HUB-B1,NODE-101,NoiseReducer,MAC domain downstream failure,656837,HUB-B1-NODE-101-656837,INC0102,CR81913,Backbone congestion mitigation changes,,,East
INC0068,Hub Issue reported in Boulder. Automated monitoring detected abnormal behavior.,Technician,1761361217,In Progress,VideoOps,West,Boulder,Hub Issue,"{""notes"": ""Initial triage performed"", ""updated_by"": ""NoiseReducer""}",HUB-B1,NODE-505,NoiseReducer,Frequent modem resets observed,759503,HUB-B1-NODE-505-759503,INC0078,CR38733,Scheduled hub clean-up activity,,,West
INC0069,CMTS Congestion reported in New York. Automated monitoring detected abnormal behavior.,Technician,1761751082,Resolved,VideoOps,East,New York,CMTS Congestion,"{""notes"": ""Initial triage performed"", ""updated_by"": ""AlertBot""}",HUB-A1,NODE-505,AlertBot,CMTS upstream channel flap,130919,HUB-A1-NODE-505-130919,INC0217,CR21249,Core router reboot for patching,1761754682,1761779882,East
INC0070,Packet Loss reported in Denver. Automated monitoring detected abnormal behavior.,CustomerCare,1753000403,In Progress,NOC-Level2,West,Denver,Packet Loss,"{""notes"": ""Initial triage performed"", ""updated_by"": ""NoiseReducer""}",HUB-A1,NODE-505,NoiseReducer,MAC domain downstream failure,934582,HUB-A1-NODE-505-934582,INC0339,CR28987,Optical node recalibration event,,,West
INC0071,Authentication Failure reported in Atlanta. Automated monitoring detected abnormal behavior.,AutoMonitor,1760053279,In Progress,VideoOps,South,Atlanta,Authentication Failure,"{""notes"": ""Initial triage performed"", ""updated_by"": ""PulseAI""}",HUB-D4,NODE-404,PulseAI,Optical power low,269516,HUB-D4-NODE-404-269516,INC0338,CR47261,Planned power cycle maintenance,1760046079,1760074879,South
INC0072,Fiber Cut reported in Chicago. Automated monitoring detected abnormal behavior.,Technician,1764912647,Open,FieldOps,Central,Chicago,Fiber Cut,"{""notes"": ""Initial triage performed"", ""updated_by"": ""NoiseReducer""}",HUB-A1,NODE-101,NoiseReducer,MAC domain downstream failure,125653,HUB-A1-NODE-101-125653,INC0029,CR75951,Fiber maintenance activity,,,Central
INC0073,Modem Offline reported in Houston. Automated monitoring detected abnormal behavior.,CustomerCare,1757112210,Open,FieldOps,South,Houston,Modem Offline,"{""notes"": ""Initial triage performed"", ""updated_by"": ""NoiseReducer""}",HUB-B1,NODE-101,NoiseReducer,Signal drop detected,609441,HUB-B1-NODE-101-609441,INC0075,CR18688,Core router reboot for patching,1757123010,1757133810,South
INC0074,Slow Speed reported in Atlanta. Automated monitoring detected abnormal behavior.,CustomerCare,1759994592,Open,VideoOps,South,Atlanta,Slow Speed,"{""notes"": ""Initial triage performed"", ""updated_by"": ""PulseAI""}",HUB-A1,NODE-505,PulseAI,Signal drop detected,309260,HUB-A1-NODE-505-309260,INC0204,CR36735,Planned power cycle maintenance,1759998192,1760030592,South
INC0075,Modem Offline reported in St. Louis. Automated monitoring detected abnormal behavior.,System,1752610655,Open,NetEng,Central,St. Louis,Modem Offline,"{""notes"": ""Initial triage performed"", ""updated_by"": ""NoiseReducer""}",HUB-C2,NODE-202,NoiseReducer,Frequent modem resets observed,632279,HUB-C2-NODE-202-632279,INC0104,CR58832,Core router reboot for patching,1752603455,1752610655,Central
INC0076,CMTS Congestion reported in Salt Lake City. Automated monitoring detected abnormal behavior.,CustomerCare,1760803434,In Progress,FieldOps,West,Salt Lake City,CMTS Congestion,"{""notes"": ""Initial triage performed"", ""updated_by"": ""SignalAnalyzer""}",HUB-A1,NODE-101,SignalAnalyzer,CMTS upstream channel flap,950725,HUB-A1-NODE-101-950725,INC0006,CR86442,Planned power cycle maintenance,1760792634,1760828634,West
INC0077,Internet Down reported in Atlanta. Automated monitoring detected abnormal behavior.,AutoMonitor,1764147319,In Progress,FieldOps,South,Atlanta,Internet Down,"{""notes"": ""Initial triage performed"", ""updated_by"": ""PulseAI""}",HUB-D4,NODE-202,PulseAI,Signal drop detected,160952,HUB-D4-NODE-202-160952,INC0063,CR64782,Planned power cycle maintenance,1764150919,1764172519,South
INC0078,Fiber Cut reported in St. Louis. Automated monitoring detected abnormal behavior.,BMC-Remedy,1761608052,Open,NOC-Level1,Central,St. Louis,Fiber Cut,"{""notes"": ""Initial triage performed"", ""updated_by"": ""AutoMonitorX""}",HUB-D4,NODE-202,AutoMonitorX,MAC domain downstream failure,842208,HUB-D4-NODE-202-842208,INC0003,CR24641,Planned CMTS software upgrade,1761600852,1761615252,Central
INC0079,Internet Down reported in Miami. Automated monitoring detected abnormal behavior.,AutoMonitor,1763578570,Cancelled,NOC-Level1,South,Miami,Internet Down,"{""notes"": ""Initial triage performed"", ""updated_by"": ""AutoMonitorX""}",HUB-C2,NODE-101,AutoMonitorX,Video feed disruption,290565,HUB-C2-NODE-101-290565,INC0102,CR19059,Backbone congestion mitigation changes,,,South
INC0080,Fiber Cut reported in Salt Lake City. Automated monitoring detected abnormal behavior.,CustomerCare,1751602796,Open,VideoOps,West,Salt Lake City,Fiber Cut,"{""notes"": ""Initial triage performed"", ""updated_by"": ""SignalAnalyzer""}",HUB-B1,NODE-202,SignalAnalyzer,MAC domain downstream failure,713458,HUB-B1-NODE-202-713458,INC0461,CR10207,Backbone congestion mitigation changes,,,West
INC0081,Authentication Failure reported in Miami. Automated monitoring detected abnormal behavior.,System,1753333926,Cancelled,NOC-Level2,South,Miami,Authentication Failure,"{""notes"": ""Initial triage performed"", ""updated_by"": ""AutoMonitorX""}",HUB-A1,NODE-202,AutoMonitorX,Signal drop detected,533357,HUB-A1-NODE-202-533357,INC0340,CR34924,Planned CMTS software upgrade,1753323126,1753337526,South
INC0082,Slow Speed reported in Dallas. Automated monitoring detected abnormal behavior.,AutoMonitor,1754946492,Open,NOC-Level1,Central,Dallas,Slow Speed,"{""notes"": ""Initial triage performed"", ""updated_by"": ""SignalAnalyzer""}",HUB-D4,NODE-202,SignalAnalyzer,MAC domain downstream failure,781174,HUB-D4-NODE-202-781174,INC0067,CR85293,Scheduled hub clean-up activity,1754957292,1754986092,Central
INC0083,Hub Issue reported in Dallas. Automated monitoring detected abnormal behavior.,CustomerCare,1759182982,In Progress,NetEng,Central,Dallas,Hub Issue,"{""notes"": ""Initial triage performed"", ""updated_by"": ""NoiseReducer""}",HUB-C2,NODE-404,NoiseReducer,MAC domain downstream failure,257399,HUB-C2-NODE-404-257399,INC0278,CR36174,Scheduled hub clean-up activity,1759172182,1759186582,Central
INC0084,Video Outage reported in Chicago. Automated monitoring detected abnormal behavior.,Technician,1755647935,Resolved,NOC-Level1,Central,Chicago,Video Outage,"{""notes"": ""Initial triage performed"", ""updated_by"": ""AutoMonitorX""}",HUB-A1,NODE-303,AutoMonitorX,Optical power low,606249,HUB-A1-NODE-303-606249,INC0089,CR65691,Optical node recalibration event,1755669535,1755705535,Central
INC0085,CMTS Congestion reported in Salt Lake City. Automated monitoring detected abnormal behavior.,System,1762055386,Open,NetEng,West,Salt Lake City,CMTS Congestion,"{""notes"": ""Initial triage performed"", ""updated_by"": ""SignalAnalyzer""}",HUB-A1,NODE-303,SignalAnalyzer,CMTS upstream channel flap,614669,HUB-A1-NODE-303-614669,INC0225,CR48820,Core router reboot for patching,1762044586,1762062586,West
INC0086,Authentication Failure reported in Miami. Automated monitoring detected abnormal behavior.,BMC-Remedy,1755058865,Cancelled,VideoOps,South,Miami,Authentication Failure,"{""notes"": ""Initial triage performed"", ""updated_by"": ""AlertBot""}",HUB-C2,NODE-404,AlertBot,Frequent modem resets observed,267437,HUB-C2-NODE-404-267437,INC0251,CR40157,Fiber maintenance activity,1755048065,1755055265,South
INC0087,Authentication Failure reported in Boston. Automated monitoring detected abnormal behavior.,BMC-Remedy,1752310642,In Progress,FieldOps,East,Boston,Authentication Failure,"{""notes"": ""Initial triage performed"", ""updated_by"": ""SignalAnalyzer""}",HUB-B1,NODE-101,SignalAnalyzer,MAC domain downstream failure,935788,HUB-B1-NODE-101-935788,INC0250,CR81023,Backbone congestion mitigation changes,1752328642,1752357442,East
INC0088,Video Outage reported in Dallas. Automated monitoring detected abnormal behavior.,AutoMonitor,1753534498,Cancelled,FieldOps,Central,Dallas,Video Outage,"{""notes"": ""Initial triage performed"", ""updated_by"": ""PulseAI""}",HUB-C2,NODE-202,PulseAI,Signal drop detected,791609,HUB-C2-NODE-202-791609,INC0288,CR59753,Core router reboot for patching,1753523698,1753534498,Central
INC0089,Authentication Failure reported in Philadelphia. Automated monitoring detected abnormal behavior.,System,1760386122,Cancelled,NOC-Level2,East,Philadelphia,Authentication Failure,"{""notes"": ""Initial triage performed"", ""updated_by"": ""AutoMonitorX""}",HUB-C2,NODE-404,AutoMonitorX,High SNR variance,381144,HUB-C2-NODE-404-381144,INC0278,CR86279,Scheduled hub clean-up activity,1760378922,1760393322,East
INC0090,CMTS Congestion reported in Philadelphia. Automated monitoring detected abnormal behavior.,System,1759870618,Cancelled,NOC-Level2,East,Philadelphia,CMTS Congestion,"{""notes"": ""Initial triage performed"", ""updated_by"": ""PulseAI""}",HUB-A1,NODE-505,PulseAI,Frequent modem resets observed,702468,HUB-A1-NODE-505-702468,INC0073,CR62514,Core router reboot for patching,,,East
INC0091,Modem Offline reported in New York. Automated monitoring detected abnormal behavior.,Technician,1750773854,Resolved,NetEng,East,New York,Modem Offline,"{""notes"": ""Initial triage performed"", ""updated_by"": ""AlertBot""}",HUB-D4,NODE-404,AlertBot,Video feed disruption,285526,HUB-D4-NODE-404-285526,INC0400,CR64167,Planned CMTS software upgrade,1750791854,1750827854,East
INC0092,Video Outage reported in Atlanta. Automated monitoring detected abnormal behavior.,BMC-Remedy,1763088858,Open,FieldOps,South,Atlanta,Video Outage,"{""notes"": ""Initial triage performed"", ""updated_by"": ""AutoMonitorX""}",HUB-D4,NODE-101,AutoMonitorX,Signal drop detected,767264,HUB-D4-NODE-101-767264,INC0392,CR25843,Core router reboot for patching,1763081658,1763103258,South
INC0093,Packet Loss reported in Philadelphia. Automated monitoring detected abnormal behavior.,CustomerCare,1758606467,In Progress,NetEng,East,Philadelphia,Packet Loss,"{""notes"": ""Initial triage performed"", ""updated_by"": ""AutoMonitorX""}",HUB-B1,NODE-202,AutoMonitorX,CMTS upstream channel flap,673115,HUB-B1-NODE-202-673115,INC0290,CR35018,Scheduled hub clean-up activity,1758599267,1758631667,East
INC0094,Slow Speed reported in Denver. Automated monitoring detected abnormal behavior.,CustomerCare,1754329248,Resolved,NOC-Level1,West,Denver,Slow Speed,"{""notes"": ""Initial triage performed"", ""updated_by"": ""PulseAI""}",HUB-B1,NODE-505,PulseAI,Optical power low,895813,HUB-B1-NODE-505-895813,INC0381,CR33602,Planned CMTS software upgrade,1754350848,1754386848,West
INC0095,Node Down reported in Chicago. Automated monitoring detected abnormal behavior.,BMC-Remedy,1757217541,Open,VideoOps,Central,Chicago,Node Down,"{""notes"": ""Initial triage performed"", ""updated_by"": ""SignalAnalyzer""}",HUB-A1,NODE-404,SignalAnalyzer,High SNR variance,102924,HUB-A1-NODE-404-102924,INC0313,CR28403,Optical node recalibration event,1757224741,1757253541,Central
INC0096,Hub Issue reported in Boulder. Automated monitoring detected abnormal behavior.,AutoMonitor,1764972925,Cancelled,NOC-Level2,West,Boulder,Hub Issue,"{""notes"": ""Initial triage performed"", ""updated_by"": ""SignalAnalyzer""}",HUB-D4,NODE-303,SignalAnalyzer,Signal drop detected,870684,HUB-D4-NODE-303-870684,INC0361,CR46479,Core router reboot for patching,1764962125,1764965725,West
INC0097,Internet Down reported in Boulder. Automated monitoring detected abnormal behavior.,System,1752685172,In Progress,VideoOps,West,Boulder,Internet Down,"{""notes"": ""Initial triage performed"", ""updated_by"": ""AutoMonitorX""}",HUB-B1,NODE-202,AutoMonitorX,Signal drop detected,224631,HUB-B1-NODE-202-224631,INC0049,CR46287,Fiber maintenance activity,,,West
INC0098,CMTS Congestion reported in Denver. Automated monitoring detected abnormal behavior.,CustomerCare,1759919853,In Progress,VideoOps,West,Denver,CMTS Congestion,"{""notes"": ""Initial triage performed"", ""updated_by"": ""SignalAnalyzer""}",HUB-D4,NODE-404,SignalAnalyzer,High SNR variance,170862,HUB-D4-NODE-404-170862,INC0445,CR73518,Scheduled hub clean-up activity,,,West
INC0099,Hub Issue reported in New York. Automated monitoring detected abnormal behavior.,AutoMonitor,1757745236,Open,NOC-Level2,East,New York,Hub Issue,"{""notes"": ""Initial triage performed"", ""updated_by"": ""AlertBot""}",HUB-D4,NODE-202,AlertBot,CMTS upstream channel flap,118468,HUB-D4-NODE-202-118468,INC0012,CR98713,Core router reboot for patching,1757738036,1757777636,East
INC0100,Hub Issue reported in Philadelphia. Automated monitoring detected abnormal behavior.,Technician,1758137407,In Progress,NOC-Level1,East,Philadelphia,Hub Issue,"{""notes"": ""Initial triage performed"", ""updated_by"": ""PulseAI""}",HUB-A1,NODE-101,PulseAI,High SNR variance,417130,HUB-A1-NODE-101-417130,INC0301,CR72317,Fiber maintenance activity,1758130207,1758137407,East
INC0101,Video Outage reported in Salt Lake City. Automated monitoring detected abnormal behavior.,System,1758135177,Open,FieldOps,West,Salt Lake City,Video Outage,"{""notes"": ""Initial triage performed"", ""updated_by"": ""AlertBot""}",HUB-C2,NODE-505,AlertBot,MAC domain downstream failure,228396,HUB-C2-NODE-505-228396,INC0012,CR44681,Planned CMTS software upgrade,,,West
INC0102,Hub Issue reported in Philadelphia. Automated monitoring detected abnormal behavior.,AutoMonitor,1754366214,Cancelled,NOC-Level2,East,Philadelphia,Hub Issue,"{""notes"": ""Initial triage performed"", ""updated_by"": ""PulseAI""}",HUB-A1,NODE-202,PulseAI,MAC domain downstream failure,217160,HUB-A1-NODE-202-217160,INC0168,CR25408,Planned power cycle maintenance,1754355414,1754391414,East
INC0103,Packet Loss reported in Philadelphia. Automated monitoring detected abnormal behavior.,Technician,1759395828,Resolved,VideoOps,East,Philadelphia,Packet Loss,"{""notes"": ""Initial triage performed"", ""updated_by"": ""AutoMonitorX""}",HUB-A1,NODE-505,AutoMonitorX,MAC domain downstream failure,179605,HUB-A1-NODE-505-179605,INC0102,CR69396,Planned power cycle maintenance,1759385028,1759410228,East
INC0104,Fiber Cut reported in St. Louis. Automated monitoring detected abnormal behavior.,System,1761353628,In Progress,FieldOps,Central,St. Louis,Fiber Cut,"{""notes"": ""Initial triage performed"", ""updated_by"": ""AlertBot""}",HUB-C2,NODE-505,AlertBot,Frequent modem resets observed,174494,HUB-C2-NODE-505-174494,INC0303,CR20882,Optical node recalibration event,1761364428,1761396828,Central
INC0105,CMTS Congestion reported in Miami. Automated monitoring detected abnormal behavior.,Technician,1762048945,Cancelled,NetEng,South,Miami,CMTS Congestion,"{""notes"": ""Initial triage performed"", ""updated_by"": ""AutoMonitorX""}",HUB-B1,NODE-101,AutoMonitorX,Optical power low,397752,HUB-B1-NODE-101-397752,INC0393,CR79567,Backbone congestion mitigation changes,1762038145,1762056145,South
INC0106,Node Down reported in Houston. Automated monitoring detected abnormal behavior.,AutoMonitor,1761767344,In Progress,NOC-Level1,South,Houston,Node Down,"{""notes"": ""Initial triage performed"", ""updated_by"": ""NoiseReducer""}",HUB-B1,NODE-404,NoiseReducer,Signal drop detected,500219,HUB-B1-NODE-404-500219,INC0073,CR42450,Optical node recalibration event,1761785344,1761796144,South
INC0107,Modem Offline reported in St. Louis. Automated monitoring detected abnormal behavior.,Technician,1763907168,Resolved,NOC-Level2,Central,St. Louis,Modem Offline,"{""notes"": ""Initial triage performed"", ""updated_by"": ""PulseAI""}",HUB-B1,NODE-505,PulseAI,Video feed disruption,456466,HUB-B1-NODE-505-456466,INC0435,CR93921,Optical node recalibration event,1763925168,1763946768,Central
INC0108,Node Down reported in Houston. Automated monitoring detected abnormal behavior.,BMC-Remedy,1760138791,Open,NOC-Level2,South,Houston,Node Down,"{""notes"": ""Initial triage performed"", ""updated_by"": ""PulseAI""}",HUB-C2,NODE-303,PulseAI,Video feed disruption,279212,HUB-C2-NODE-303-279212,INC0236,CR24868,Scheduled hub clean-up activity,1760142391,1760149591,South
INC0109,Node Down reported in St. Louis. Automated monitoring detected abnormal behavior.,AutoMonitor,1757388796,In Progress,NOC-Level1,Central,St. Louis,Node Down,"{""notes"": ""Initial triage performed"", ""updated_by"": ""PulseAI""}",HUB-D4,NODE-101,PulseAI,MAC domain downstream failure,517855,HUB-D4-NODE-101-517855,INC0274,CR44799,Optical node recalibration event,1757381596,1757413996,Central
INC0110,Fiber Cut reported in New York. Automated monitoring detected abnormal behavior.,AutoMonitor,1760849768,Resolved,VideoOps,East,New York,Fiber Cut,"{""notes"": ""Initial triage performed"", ""updated_by"": ""AutoMonitorX""}",HUB-D4,NODE-101,AutoMonitorX,Signal drop detected,428955,HUB-D4-NODE-101-428955,INC0456,CR88569,Fiber maintenance activity,1760842568,1760864168,East
INC0111,Fiber Cut reported in New York. Automated monitoring detected abnormal behavior.,AutoMonitor,1765404320,Cancelled,NetEng,East,New York,Fiber Cut,"{""notes"": ""Initial triage performed"", ""updated_by"": ""SignalAnalyzer""}",HUB-C2,NODE-202,SignalAnalyzer,MAC domain downstream failure,279649,HUB-C2-NODE-202-279649,INC0175,CR34035,Scheduled hub clean-up activity,1765415120,1765422320,East
INC0112,Fiber Cut reported in Atlanta. Automated monitoring detected abnormal behavior.,CustomerCare,1760168967,Resolved,NOC-Level1,South,Atlanta,Fiber Cut,"{""notes"": ""Initial triage performed"", ""updated_by"": ""SignalAnalyzer""}",HUB-C2,NODE-202,SignalAnalyzer,Signal drop detected,422087,HUB-C2-NODE-202-422087,INC0478,CR77345,Optical node recalibration event,1760183367,1760201367,South
INC0113,Video Outage reported in Denver. Automated monitoring detected abnormal behavior.,Technician,1764010415,Resolved,NetEng,West,Denver,Video Outage,"{""notes"": ""Initial triage performed"", ""updated_by"": ""AlertBot""}",HUB-A1,NODE-404,AlertBot,CMTS upstream channel flap,122707,HUB-A1-NODE-404-122707,INC0464,CR29572,Fiber maintenance activity,1764003215,1764032015,West
INC0114,Node Down reported in Philadelphia. Automated monitoring detected abnormal behavior.,CustomerCare,1758784268,Open,NOC-Level1,East,Philadelphia,Node Down,"{""notes"": ""Initial triage performed"", ""updated_by"": ""PulseAI""}",HUB-C2,NODE-505,PulseAI,CMTS upstream channel flap,394938,HUB-C2-NODE-505-394938,INC0063,CR32453,Core router reboot for patching,1758773468,1758795068,East
INC0115,Fiber Cut reported in Boston. Automated monitoring detected abnormal behavior.,AutoMonitor,1764318341,In Progress,NOC-Level1,East,Boston,Fiber Cut,"{""notes"": ""Initial triage performed"", ""updated_by"": ""NoiseReducer""}",HUB-A1,NODE-505,NoiseReducer,MAC domain downstream failure,913442,HUB-A1-NODE-505-913442,INC0353,CR41879,Core router reboot for patching,1764307541,1764339941,East
INC0116,Video Outage reported in Boulder. Automated monitoring detected abnormal behavior.,AutoMonitor,1763744106,Open,NOC-Level1,West,Boulder,Video Outage,"{""notes"": ""Initial triage performed"", ""updated_by"": ""AlertBot""}",HUB-B1,NODE-202,AlertBot,CMTS upstream channel flap,710271,HUB-B1-NODE-202-710271,INC0065,CR60710,Scheduled hub clean-up activity,1763758506,1763783706,West
INC0117,CMTS Congestion reported in Chicago. Automated monitoring detected abnormal behavior.,BMC-Remedy,1757654734,Resolved,NetEng,Central,Chicago,CMTS Congestion,"{""notes"": ""Initial triage performed"", ""updated_by"": ""PulseAI""}",HUB-C2,NODE-202,PulseAI,Frequent modem resets observed,953420,HUB-C2-NODE-202-953420,INC0383,CR89663,Planned CMTS software upgrade,,,Central
INC0118,Video Outage reported in Denver. Automated monitoring detected abnormal behavior.,Technician,1758550591,Open,VideoOps,West,Denver,Video Outage,"{""notes"": ""Initial triage performed"", ""updated_by"": ""NoiseReducer""}",HUB-B1,NODE-404,NoiseReducer,Signal drop detected,107630,HUB-B1-NODE-404-107630,INC0045,CR91305,Backbone congestion mitigation changes,1758543391,1758550591,West
INC0119,Hub Issue reported in Miami. Automated monitoring detected abnormal behavior.,CustomerCare,1754002539,Resolved,NOC-Level2,South,Miami,Hub Issue,"{""notes"": ""Initial triage performed"", ""updated_by"": ""PulseAI""}",HUB-D4,NODE-404,PulseAI,MAC domain downstream failure,344382,HUB-D4-NODE-404-344382,INC0415,CR17460,Planned power cycle maintenance,1754009739,1754042139,South
INC0120,Hub Issue reported in St. Louis. Automated monitoring detected abnormal behavior.,AutoMonitor,1754901142,Cancelled,NOC-Level1,Central,St. Louis,Hub Issue,"{""notes"": ""Initial triage performed"", ""updated_by"": ""AutoMonitorX""}",HUB-B1,NODE-202,AutoMonitorX,Optical power low,973004,HUB-B1-NODE-202-973004,INC0157,CR57743,Core router reboot for patching,,,Central
INC0121,Hub Issue reported in Boulder. Automated monitoring detected abnormal behavior.,Technician,1760853578,Cancelled,FieldOps,West,Boulder,Hub Issue,"{""notes"": ""Initial triage performed"", ""updated_by"": ""AlertBot""}",HUB-D4,NODE-404,AlertBot,MAC domain downstream failure,487861,HUB-D4-NODE-404-487861,INC0442,CR86516,Backbone congestion mitigation changes,1760846378,1760885978,West
INC0122,Internet Down reported in Houston. Automated monitoring detected abnormal behavior.,AutoMonitor,1753258151,In Progress,NOC-Level1,South,Houston,Internet Down,"{""notes"": ""Initial triage performed"", ""updated_by"": ""PulseAI""}",HUB-D4,NODE-101,PulseAI,Optical power low,955689,HUB-D4-NODE-101-955689,INC0167,CR16241,Planned power cycle maintenance,1753265351,1753301351,South
INC0123,Modem Offline reported in Boston. Automated monitoring detected abnormal behavior.,AutoMonitor,1757674568,Cancelled,NOC-Level2,East,Boston,Modem Offline,"{""notes"": ""Initial triage performed"", ""updated_by"": ""AlertBot""}",HUB-C2,NODE-505,AlertBot,Optical power low,902787,HUB-C2-NODE-505-902787,INC0443,CR63814,Core router reboot for patching,1757696168,1757717768,East
INC0124,Authentication Failure reported in Boston. Automated monitoring detected abnormal behavior.,AutoMonitor,1763247592,Cancelled,NOC-Level1,East,Boston,Authentication Failure,"{""notes"": ""Initial triage performed"", ""updated_by"": ""PulseAI""}",HUB-C2,NODE-505,PulseAI,CMTS upstream channel flap,425600,HUB-C2-NODE-505-425600,INC0208,CR53901,Planned CMTS software upgrade,,,East
INC0125,Video Outage reported in Boulder. Automated monitoring detected abnormal behavior.,CustomerCare,1755833332,Open,FieldOps,West,Boulder,Video Outage,"{""notes"": ""Initial triage performed"", ""updated_by"": ""PulseAI""}",HUB-B1,NODE-202,PulseAI,Optical power low,203835,HUB-B1-NODE-202-203835,INC0285,CR57788,Scheduled hub clean-up activity,1755844132,1755851332,West
INC0126,Hub Issue reported in Miami. Automated monitoring detected abnormal behavior.,AutoMonitor,1751487229,In Progress,NetEng,South,Miami,Hub Issue,"{""notes"": ""Initial triage performed"", ""updated_by"": ""SignalAnalyzer""}",HUB-C2,NODE-505,SignalAnalyzer,High SNR variance,342239,HUB-C2-NODE-505-342239,INC0414,CR17022,Core router reboot for patching,1751505229,1751541229,South
INC0127,CMTS Congestion reported in Houston. Automated monitoring detected abnormal behavior.,BMC-Remedy,1761889680,Open,VideoOps,South,Houston,CMTS Congestion,"{""notes"": ""Initial triage performed"", ""updated_by"": ""PulseAI""}",HUB-A1,NODE-101,PulseAI,CMTS upstream channel flap,266523,HUB-A1-NODE-101-266523,INC0122,CR39527,Optical node recalibration event,,,South
INC0128,Modem Offline reported in Boulder. Automated monitoring detected abnormal behavior.,CustomerCare,1756703838,In Progress,VideoOps,West,Boulder,Modem Offline,"{""notes"": ""Initial triage performed"", ""updated_by"": ""PulseAI""}",HUB-D4,NODE-101,PulseAI,Optical power low,800493,HUB-D4-NODE-101-800493,INC0168,CR72264,Fiber maintenance activity,1756718238,1756761438,West
INC0129,Internet Down reported in Atlanta. Automated monitoring detected abnormal behavior.,CustomerCare,1755037494,Open,NOC-Level2,South,Atlanta,Internet Down,"{""notes"": ""Initial triage performed"", ""updated_by"": ""AlertBot""}",HUB-B1,NODE-404,AlertBot,Optical power low,672517,HUB-B1-NODE-404-672517,INC0069,CR72033,Core router reboot for patching,1755041094,1755048294,South
INC0130,Packet Loss reported in Houston. Automated monitoring detected abnormal behavior.,AutoMonitor,1756087506,In Progress,NOC-Level1,South,Houston,Packet Loss,"{""notes"": ""Initial triage performed"", ""updated_by"": ""NoiseReducer""}",HUB-B1,NODE-303,NoiseReducer,Frequent modem resets observed,839954,HUB-B1-NODE-303-839954,INC0171,CR58323,Fiber maintenance activity,1756076706,1756101906,South
INC0131,Packet Loss reported in Dallas. Automated monitoring detected abnormal behavior.,CustomerCare,1762431889,Cancelled,FieldOps,Central,Dallas,Packet Loss,"{""notes"": ""Initial triage performed"", ""updated_by"": ""NoiseReducer""}",HUB-C2,NODE-202,NoiseReducer,Frequent modem resets observed,189438,HUB-C2-NODE-202-189438,INC0450,CR63130,Fiber maintenance activity,,,Central
INC0132,Modem Offline reported in Houston. Automated monitoring detected abnormal behavior.,CustomerCare,1752416166,Cancelled,VideoOps,South,Houston,Modem Offline,"{""notes"": ""Initial triage performed"", ""updated_by"": ""AutoMonitorX""}",HUB-D4,NODE-303,AutoMonitorX,High SNR variance,879158,HUB-D4-NODE-303-879158,INC0375,CR68919,Scheduled hub clean-up activity,,,South
INC0133,Hub Issue reported in Houston. Automated monitoring detected abnormal behavior.,CustomerCare,1757271206,In Progress,FieldOps,South,Houston,Hub Issue,"{""notes"": ""Initial triage performed"", ""updated_by"": ""AutoMonitorX""}",HUB-D4,NODE-505,AutoMonitorX,Optical power low,709315,HUB-D4-NODE-505-709315,INC0217,CR17008,Scheduled hub clean-up activity,1757274806,1757314406,South
INC0134,Internet Down reported in St. Louis. Automated monitoring detected abnormal behavior.,CustomerCare,1763712497,In Progress,VideoOps,Central,St. Louis,Internet Down,"{""notes"": ""Initial triage performed"", ""updated_by"": ""SignalAnalyzer""}",HUB-B1,NODE-303,SignalAnalyzer,Video feed disruption,558216,HUB-B1-NODE-303-558216,INC0205,CR68085,Planned power cycle maintenance,,,Central
INC0135,Node Down reported in Miami. Automated monitoring detected abnormal behavior.,AutoMonitor,1750939710,Cancelled,NOC-Level2,South,Miami,Node Down,"{""notes"": ""Initial triage performed"", ""updated_by"": ""NoiseReducer""}",HUB-A1,NODE-101,NoiseReducer,Video feed disruption,563820,HUB-A1-NODE-101-563820,INC0133,CR20634,Planned power cycle maintenance,1750928910,1750954110,South
INC0136,Fiber Cut reported in Boulder. Automated monitoring detected abnormal behavior.,Technician,1761157537,Cancelled,FieldOps,West,Boulder,Fiber Cut,"{""notes"": ""Initial triage performed"", ""updated_by"": ""AutoMonitorX""}",HUB-D4,NODE-202,AutoMonitorX,CMTS upstream channel flap,611112,HUB-D4-NODE-202-611112,INC0299,CR96781,Backbone congestion mitigation changes,1761146737,1761175537,West
INC0137,Modem Offline reported in Chicago. Automated monitoring detected abnormal behavior.,Technician,1759004398,Open,NOC-Level1,Central,Chicago,Modem Offline,"{""notes"": ""Initial triage performed"", ""updated_by"": ""PulseAI""}",HUB-A1,NODE-202,PulseAI,Video feed disruption,707528,HUB-A1-NODE-202-707528,INC0311,CR11322,Optical node recalibration event,,,Central
INC0138,Slow Speed reported in Philadelphia. Automated monitoring detected abnormal behavior.,CustomerCare,1764587536,Cancelled,NOC-Level2,East,Philadelphia,Slow Speed,"{""notes"": ""Initial triage performed"", ""updated_by"": ""PulseAI""}",HUB-D4,NODE-404,PulseAI,Optical power low,387307,HUB-D4-NODE-404-387307,INC0376,CR37637,Optical node recalibration event,,,East
INC0139,Authentication Failure reported in New York. Automated monitoring detected abnormal behavior.,System,1757176617,Open,NOC-Level2,East,New York,Authentication Failure,"{""notes"": ""Initial triage performed"", ""updated_by"": ""SignalAnalyzer""}",HUB-A1,NODE-202,SignalAnalyzer,MAC domain downstream failure,979754,HUB-A1-NODE-202-979754,INC0338,CR67576,Scheduled hub clean-up activity,,,East
INC0140,Internet Down reported in Miami. Automated monitoring detected abnormal behavior.,BMC-Remedy,1756307839,Resolved,FieldOps,South,Miami,Internet Down,"{""notes"": ""Initial triage performed"", ""updated_by"": ""AutoMonitorX""}",HUB-B1,NODE-101,AutoMonitorX,Optical power low,203058,HUB-B1-NODE-101-203058,INC0088,CR44987,Optical node recalibration event,1756318639,1756358239,South
INC0141,Hub Issue reported in Boston. Automated monitoring detected abnormal behavior.,AutoMonitor,1757367682,Cancelled,NetEng,East,Boston,Hub Issue,"{""notes"": ""Initial triage performed"", ""updated_by"": ""NoiseReducer""}",HUB-B1,NODE-505,NoiseReducer,Signal drop detected,280546,HUB-B1-NODE-505-280546,INC0011,CR98011,Planned power cycle maintenance,1757360482,1757371282,East
INC0142,Internet Down reported in Houston. Automated monitoring detected abnormal behavior.,BMC-Remedy,1763253847,Resolved,VideoOps,South,Houston,Internet Down,"{""notes"": ""Initial triage performed"", ""updated_by"": ""AutoMonitorX""}",HUB-A1,NODE-505,AutoMonitorX,Optical power low,779076,HUB-A1-NODE-505-779076,INC0252,CR49223,Backbone congestion mitigation changes,,,South
INC0143,Slow Speed reported in Salt Lake City. Automated monitoring detected abnormal behavior.,CustomerCare,1755975430,Open,NOC-Level2,West,Salt Lake City,Slow Speed,"{""notes"": ""Initial triage performed"", ""updated_by"": ""AutoMonitorX""}",HUB-B1,NODE-505,AutoMonitorX,Optical power low,972837,HUB-B1-NODE-505-972837,INC0494,CR73335,Scheduled hub clean-up activity,1755982630,1756011430,West
INC0144,Authentication Failure reported in Philadelphia. Automated monitoring detected abnormal behavior.,BMC-Remedy,1764750450,In Progress,VideoOps,East,Philadelphia,Authentication Failure,"{""notes"": ""Initial triage performed"", ""updated_by"": ""AlertBot""}",HUB-A1,NODE-101,AlertBot,MAC domain downstream failure,851143,HUB-A1-NODE-101-851143,INC0310,CR82758,Optical node recalibration event,1764743250,1764754050,East
INC0145,Node Down reported in Salt Lake City. Automated monitoring detected abnormal behavior.,BMC-Remedy,1762032092,Resolved,NOC-Level1,West,Salt Lake City,Node Down,"{""notes"": ""Initial triage performed"", ""updated_by"": ""SignalAnalyzer""}",HUB-D4,NODE-404,SignalAnalyzer,High SNR variance,669486,HUB-D4-NODE-404-669486,INC0126,CR44731,Planned CMTS software upgrade,,,West
INC0146,Authentication Failure reported in St. Louis. Automated monitoring detected abnormal behavior.,System,1753169596,Resolved,VideoOps,Central,St. Louis,Authentication Failure,"{""notes"": ""Initial triage performed"", ""updated_by"": ""AutoMonitorX""}",HUB-C2,NODE-303,AutoMonitorX,High SNR variance,445537,HUB-C2-NODE-303-445537,INC0309,CR59820,Backbone congestion mitigation changes,1753162396,1753205596,Central
INC0147,Video Outage reported in Boston. Automated monitoring detected abnormal behavior.,AutoMonitor,1750736369,Open,NOC-Level2,East,Boston,Video Outage,"{""notes"": ""Initial triage performed"", ""updated_by"": ""AutoMonitorX""}",HUB-C2,NODE-202,AutoMonitorX,Optical power low,120255,HUB-C2-NODE-202-120255,INC0152,CR14348,Optical node recalibration event,,,East
INC0148,Authentication Failure reported in St. Louis. Automated monitoring detected abnormal behavior.,BMC-Remedy,1752817164,Open,NOC-Level1,Central,St. Louis,Authentication Failure,"{""notes"": ""Initial triage performed"", ""updated_by"": ""SignalAnalyzer""}",HUB-D4,NODE-303,SignalAnalyzer,Frequent modem resets observed,316561,HUB-D4-NODE-303-316561,INC0083,CR30257,Planned CMTS software upgrade,1752838764,1752871164,Central
INC0149,Video Outage reported in Denver. Automated monitoring detected abnormal behavior.,System,1763136988,In Progress,VideoOps,West,Denver,Video Outage,"{""notes"": ""Initial triage performed"", ""updated_by"": ""SignalAnalyzer""}",HUB-C2,NODE-505,SignalAnalyzer,Signal drop detected,583416,HUB-C2-NODE-505-583416,INC0283,CR70237,Scheduled hub clean-up activity,1763129788,1763169388,West
INC0150,CMTS Congestion reported in St. Louis. Automated monitoring detected abnormal behavior.,BMC-Remedy,1757043649,Open,VideoOps,Central,St. Louis,CMTS Congestion,"{""notes"": ""Initial triage performed"", ""updated_by"": ""SignalAnalyzer""}",HUB-C2,NODE-202,SignalAnalyzer,CMTS upstream channel flap,599794,HUB-C2-NODE-202-599794,INC0237,CR76044,Backbone congestion mitigation changes,1757036449,1757043649,Central
INC0151,Hub Issue reported in Miami. Automated monitoring detected abnormal behavior.,BMC-Remedy,1750134187,In Progress,NetEng,South,Miami,Hub Issue,"{""notes"": ""Initial triage performed"", ""updated_by"": ""AutoMonitorX""}",HUB-A1,NODE-303,AutoMonitorX,Video feed disruption,636805,HUB-A1-NODE-303-636805,INC0045,CR46868,Optical node recalibration event,1750126987,1750141387,South
INC0152,CMTS Congestion reported in Denver. Automated monitoring detected abnormal behavior.,AutoMonitor,1764628462,Cancelled,FieldOps,West,Denver,CMTS Congestion,"{""notes"": ""Initial triage performed"", ""updated_by"": ""AlertBot""}",HUB-B1,NODE-101,AlertBot,High SNR variance,502503,HUB-B1-NODE-101-502503,INC0118,CR81491,Backbone congestion mitigation changes,1764632062,1764671662,West
INC0153,Video Outage reported in Denver. Automated monitoring detected abnormal behavior.,AutoMonitor,1756505699,Resolved,VideoOps,West,Denver,Video Outage,"{""notes"": ""Initial triage performed"", ""updated_by"": ""PulseAI""}",HUB-C2,NODE-202,PulseAI,High SNR variance,972876,HUB-C2-NODE-202-972876,INC0425,CR14456,Optical node recalibration event,1756527299,1756559699,West
INC0154,Slow Speed reported in Boulder. Automated monitoring detected abnormal behavior.,System,1751104799,Open,NOC-Level1,West,Boulder,Slow Speed,"{""notes"": ""Initial triage performed"", ""updated_by"": ""PulseAI""}",HUB-D4,NODE-303,PulseAI,Frequent modem resets observed,788911,HUB-D4-NODE-303-788911,INC0284,CR54546,Scheduled hub clean-up activity,,,West
INC0155,Video Outage reported in Houston. Automated monitoring detected abnormal behavior.,BMC-Remedy,1754057207,Resolved,NetEng,South,Houston,Video Outage,"{""notes"": ""Initial triage performed"", ""updated_by"": ""AutoMonitorX""}",HUB-C2,NODE-505,AutoMonitorX,Signal drop detected,154825,HUB-C2-NODE-505-154825,INC0048,CR15966,Backbone congestion mitigation changes,1754050007,1754057207,South
INC0156,Packet Loss reported in Boulder. Automated monitoring detected abnormal behavior.,Technician,1758839450,Resolved,FieldOps,West,Boulder,Packet Loss,"{""notes"": ""Initial triage performed"", ""updated_by"": ""AlertBot""}",HUB-C2,NODE-505,AlertBot,Video feed disruption,156883,HUB-C2-NODE-505-156883,INC0460,CR26441,Backbone congestion mitigation changes,1758828650,1758839450,West
INC0157,Hub Issue reported in Chicago. Automated monitoring detected abnormal behavior.,BMC-Remedy,1755611558,Resolved,VideoOps,Central,Chicago,Hub Issue,"{""notes"": ""Initial triage performed"", ""updated_by"": ""SignalAnalyzer""}",HUB-D4,NODE-505,SignalAnalyzer,MAC domain downstream failure,255593,HUB-D4-NODE-505-255593,INC0271,CR25905,Fiber maintenance activity,1755600758,1755629558,Central
INC0158,Hub Issue reported in Philadelphia. Automated monitoring detected abnormal behavior.,System,1756161836,Open,VideoOps,East,Philadelphia,Hub Issue,"{""notes"": ""Initial triage performed"", ""updated_by"": ""SignalAnalyzer""}",HUB-B1,NODE-101,SignalAnalyzer,High SNR variance,508765,HUB-B1-NODE-101-508765,INC0003,CR40329,Core router reboot for patching,1756172636,1756190636,East
INC0159,CMTS Congestion reported in Houston. Automated monitoring detected abnormal behavior.,CustomerCare,1758294021,Open,FieldOps,South,Houston,CMTS Congestion,"{""notes"": ""Initial triage performed"", ""updated_by"": ""AlertBot""}",HUB-B1,NODE-303,AlertBot,Frequent modem resets observed,246457,HUB-B1-NODE-303-246457,INC0251,CR45703,Scheduled hub clean-up activity,1758283221,1758297621,South
INC0160,Hub Issue reported in Atlanta. Automated monitoring detected abnormal behavior.,CustomerCare,1764959263,Open,NOC-Level2,South,Atlanta,Hub Issue,"{""notes"": ""Initial triage performed"", ""updated_by"": ""SignalAnalyzer""}",HUB-C2,NODE-505,SignalAnalyzer,High SNR variance,705188,HUB-C2-NODE-505-705188,INC0085,CR54645,Backbone congestion mitigation changes,,,South
INC0161,Hub Issue reported in Atlanta. Automated monitoring detected abnormal behavior.,System,1760055693,Open,NetEng,South,Atlanta,Hub Issue,"{""notes"": ""Initial triage performed"", ""updated_by"": ""PulseAI""}",HUB-C2,NODE-202,PulseAI,Optical power low,795728,HUB-C2-NODE-202-795728,INC0118,CR76168,Planned power cycle maintenance,1760062893,1760066493,South
INC0162,Packet Loss reported in Chicago. Automated monitoring detected abnormal behavior.,CustomerCare,1762420596,Cancelled,NOC-Level2,Central,Chicago,Packet Loss,"{""notes"": ""Initial triage performed"", ""updated_by"": ""AlertBot""}",HUB-A1,NODE-202,AlertBot,High SNR variance,963769,HUB-A1-NODE-202-963769,INC0341,CR60761,Planned CMTS software upgrade,,,Central
INC0163,Node Down reported in Chicago. Automated monitoring detected abnormal behavior.,AutoMonitor,1753101815,Resolved,VideoOps,Central,Chicago,Node Down,"{""notes"": ""Initial triage performed"", ""updated_by"": ""PulseAI""}",HUB-B1,NODE-101,PulseAI,CMTS upstream channel flap,235628,HUB-B1-NODE-101-235628,INC0475,CR71811,Planned power cycle maintenance,,,Central
INC0164,Node Down reported in Miami. Automated monitoring detected abnormal behavior.,AutoMonitor,1761337072,In Progress,NetEng,South,Miami,Node Down,"{""notes"": ""Initial triage performed"", ""updated_by"": ""NoiseReducer""}",HUB-B1,NODE-101,NoiseReducer,Optical power low,726821,HUB-B1-NODE-101-726821,INC0039,CR17334,Planned power cycle maintenance,1761326272,1761344272,South
INC0165,Internet Down reported in Chicago. Automated monitoring detected abnormal behavior.,Technician,1765102891,Open,FieldOps,Central,Chicago,Internet Down,"{""notes"": ""Initial triage performed"", ""updated_by"": ""SignalAnalyzer""}",HUB-B1,NODE-404,SignalAnalyzer,Optical power low,861268,HUB-B1-NODE-404-861268,INC0015,CR28776,Fiber maintenance activity,1765095691,1765135291,Central
INC0166,Hub Issue reported in Denver. Automated monitoring detected abnormal behavior.,CustomerCare,1755671029,Resolved,NOC-Level1,West,Denver,Hub Issue,"{""notes"": ""Initial triage performed"", ""updated_by"": ""NoiseReducer""}",HUB-D4,NODE-101,NoiseReducer,MAC domain downstream failure,295107,HUB-D4-NODE-101-295107,INC0423,CR98660,Backbone congestion mitigation changes,1755663829,1755692629,West
INC0167,Node Down reported in Dallas. Automated monitoring detected abnormal behavior.,Technician,1753035488,Resolved,VideoOps,Central,Dallas,Node Down,"{""notes"": ""Initial triage performed"", ""updated_by"": ""PulseAI""}",HUB-C2,NODE-101,PulseAI,Signal drop detected,102041,HUB-C2-NODE-101-102041,INC0302,CR16490,Core router reboot for patching,,,Central
INC0168,Node Down reported in Chicago. Automated monitoring detected abnormal behavior.,Technician,1762306730,Resolved,NetEng,Central,Chicago,Node Down,"{""notes"": ""Initial triage performed"", ""updated_by"": ""AlertBot""}",HUB-A1,NODE-505,AlertBot,MAC domain downstream failure,405739,HUB-A1-NODE-505-405739,INC0347,CR97241,Scheduled hub clean-up activity,1762295930,1762324730,Central
INC0169,Packet Loss reported in Denver. Automated monitoring detected abnormal behavior.,CustomerCare,1765420759,Open,FieldOps,West,Denver,Packet Loss,"{""notes"": ""Initial triage performed"", ""updated_by"": ""SignalAnalyzer""}",HUB-C2,NODE-404,SignalAnalyzer,Optical power low,659882,HUB-C2-NODE-404-659882,INC0293,CR63937,Optical node recalibration event,1765413559,1765453159,West
INC0170,Node Down reported in Houston. Automated monitoring detected abnormal behavior.,CustomerCare,1758838773,Cancelled,FieldOps,South,Houston,Node Down,"{""notes"": ""Initial triage performed"", ""updated_by"": ""PulseAI""}",HUB-B1,NODE-202,PulseAI,CMTS upstream channel flap,464797,HUB-B1-NODE-202-464797,INC0337,CR54338,Planned CMTS software upgrade,,,South
INC0171,Authentication Failure reported in New York. Automated monitoring detected abnormal behavior.,BMC-Remedy,1750202967,Open,FieldOps,East,New York,Authentication Failure,"{""notes"": ""Initial triage performed"", ""updated_by"": ""AutoMonitorX""}",HUB-C2,NODE-505,AutoMonitorX,Video feed disruption,921799,HUB-C2-NODE-505-921799,INC0399,CR31997,Planned power cycle maintenance,,,East
INC0172,Slow Speed reported in New York. Automated monitoring detected abnormal behavior.,Technician,1760774061,Cancelled,NOC-Level2,East,New York,Slow Speed,"{""notes"": ""Initial triage performed"", ""updated_by"": ""AutoMonitorX""}",HUB-C2,NODE-505,AutoMonitorX,CMTS upstream channel flap,801100,HUB-C2-NODE-505-801100,INC0109,CR42728,Backbone congestion mitigation changes,1760766861,1760770461,East
INC0173,Internet Down reported in Philadelphia. Automated monitoring detected abnormal behavior.,AutoMonitor,1756247804,Resolved,NOC-Level2,East,Philadelphia,Internet Down,"{""notes"": ""Initial triage performed"", ""updated_by"": ""PulseAI""}",HUB-C2,NODE-303,PulseAI,High SNR variance,693064,HUB-C2-NODE-303-693064,INC0066,CR49778,Planned power cycle maintenance,,,East
INC0174,Modem Offline reported in Philadelphia. Automated monitoring detected abnormal behavior.,System,1761671536,Resolved,VideoOps,East,Philadelphia,Modem Offline,"{""notes"": ""Initial triage performed"", ""updated_by"": ""AutoMonitorX""}",HUB-A1,NODE-404,AutoMonitorX,Video feed disruption,904413,HUB-A1-NODE-404-904413,INC0466,CR18869,Planned power cycle maintenance,1761664336,1761707536,East
INC0175,Video Outage reported in Philadelphia. Automated monitoring detected abnormal behavior.,AutoMonitor,1759970853,Cancelled,VideoOps,East,Philadelphia,Video Outage,"{""notes"": ""Initial triage performed"", ""updated_by"": ""PulseAI""}",HUB-B1,NODE-404,PulseAI,Frequent modem resets observed,760255,HUB-B1-NODE-404-760255,INC0328,CR57648,Scheduled hub clean-up activity,1759978053,1760006853,East
INC0176,Node Down reported in Chicago. Automated monitoring detected abnormal behavior.,BMC-Remedy,1761001283,Open,FieldOps,Central,Chicago,Node Down,"{""notes"": ""Initial triage performed"", ""updated_by"": ""NoiseReducer""}",HUB-D4,NODE-202,NoiseReducer,Frequent modem resets observed,528176,HUB-D4-NODE-202-528176,INC0111,CR58517,Planned power cycle maintenance,1761019283,1761026483,Central
INC0177,Authentication Failure reported in Miami. Automated monitoring detected abnormal behavior.,BMC-Remedy,1752296450,Cancelled,FieldOps,South,Miami,Authentication Failure,"{""notes"": ""Initial triage performed"", ""updated_by"": ""NoiseReducer""}",HUB-B1,NODE-202,NoiseReducer,Frequent modem resets observed,944336,HUB-B1-NODE-202-944336,INC0348,CR93843,Core router reboot for patching,,,South
INC0178,Node Down reported in New York. Automated monitoring detected abnormal behavior.,CustomerCare,1754927197,Open,NOC-Level1,East,New York,Node Down,"{""notes"": ""Initial triage performed"", ""updated_by"": ""PulseAI""}",HUB-C2,NODE-404,PulseAI,High SNR variance,237226,HUB-C2-NODE-404-237226,INC0066,CR37622,Fiber maintenance activity,,,East
INC0179,CMTS Congestion reported in Salt Lake City. Automated monitoring detected abnormal behavior.,System,1764422954,Resolved,VideoOps,West,Salt Lake City,CMTS Congestion,"{""notes"": ""Initial triage performed"", ""updated_by"": ""AlertBot""}",HUB-A1,NODE-303,AlertBot,Video feed disruption,509762,HUB-A1-NODE-303-509762,INC0054,CR60681,Planned power cycle maintenance,1764415754,1764455354,West
INC0180,Authentication Failure reported in Miami. Automated monitoring detected abnormal behavior.,BMC-Remedy,1755039595,In Progress,NOC-Level1,South,Miami,Authentication Failure,"{""notes"": ""Initial triage performed"", ""updated_by"": ""SignalAnalyzer""}",HUB-B1,NODE-505,SignalAnalyzer,Signal drop detected,148151,HUB-B1-NODE-505-148151,INC0328,CR18705,Backbone congestion mitigation changes,1755050395,1755053995,South
INC0181,Authentication Failure reported in Salt Lake City. Automated monitoring detected abnormal behavior.,AutoMonitor,1757982156,Open,NetEng,West,Salt Lake City,Authentication Failure,"{""notes"": ""Initial triage performed"", ""updated_by"": ""AlertBot""}",HUB-B1,NODE-404,AlertBot,Optical power low,104792,HUB-B1-NODE-404-104792,INC0273,CR72680,Backbone congestion mitigation changes,1757989356,1758014556,West
INC0182,Node Down reported in New York. Automated monitoring detected abnormal behavior.,Technician,1764327428,Cancelled,VideoOps,East,New York,Node Down,"{""notes"": ""Initial triage performed"", ""updated_by"": ""SignalAnalyzer""}",HUB-D4,NODE-404,SignalAnalyzer,Frequent modem resets observed,104958,HUB-D4-NODE-404-104958,INC0372,CR15784,Planned CMTS software upgrade,1764334628,1764377828,East
INC0183,Packet Loss reported in Philadelphia. Automated monitoring detected abnormal behavior.,System,1762914960,In Progress,FieldOps,East,Philadelphia,Packet Loss,"{""notes"": ""Initial triage performed"", ""updated_by"": ""SignalAnalyzer""}",HUB-C2,NODE-202,SignalAnalyzer,Optical power low,484626,HUB-C2-NODE-202-484626,INC0479,CR50272,Fiber maintenance activity,1762904160,1762929360,East
INC0184,Authentication Failure reported in Houston. Automated monitoring detected abnormal behavior.,System,1758477216,Cancelled,NOC-Level1,South,Houston,Authentication Failure,"{""notes"": ""Initial triage performed"", ""updated_by"": ""PulseAI""}",HUB-A1,NODE-101,PulseAI,Optical power low,674040,HUB-A1-NODE-101-674040,INC0193,CR90357,Planned power cycle maintenance,,,South
INC0185,Hub Issue reported in Boston. Automated monitoring detected abnormal behavior.,Technician,1755602907,In Progress,NetEng,East,Boston,Hub Issue,"{""notes"": ""Initial triage performed"", ""updated_by"": ""AutoMonitorX""}",HUB-B1,NODE-505,AutoMonitorX,High SNR variance,967338,HUB-B1-NODE-505-967338,INC0024,CR38519,Scheduled hub clean-up activity,,,East
INC0186,CMTS Congestion reported in St. Louis. Automated monitoring detected abnormal behavior.,BMC-Remedy,1750904342,Cancelled,VideoOps,Central,St. Louis,CMTS Congestion,"{""notes"": ""Initial triage performed"", ""updated_by"": ""AlertBot""}",HUB-A1,NODE-202,AlertBot,High SNR variance,301175,HUB-A1-NODE-202-301175,INC0375,CR79717,Optical node recalibration event,1750897142,1750936742,Central
INC0187,Video Outage reported in Dallas. Automated monitoring detected abnormal behavior.,AutoMonitor,1754513655,Open,FieldOps,Central,Dallas,Video Outage,"{""notes"": ""Initial triage performed"", ""updated_by"": ""NoiseReducer""}",HUB-B1,NODE-505,NoiseReducer,High SNR variance,394372,HUB-B1-NODE-505-394372,INC0392,CR57977,Backbone congestion mitigation changes,1754535255,1754553255,Central
INC0188,CMTS Congestion reported in Dallas. Automated monitoring detected abnormal behavior.,BMC-Remedy,1757596123,Open,NetEng,Central,Dallas,CMTS Congestion,"{""notes"": ""Initial triage performed"", ""updated_by"": ""NoiseReducer""}",HUB-C2,NODE-101,NoiseReducer,MAC domain downstream failure,319368,HUB-C2-NODE-101-319368,INC0314,CR13404,Planned CMTS software upgrade,1757610523,1757614123,Central
INC0189,Slow Speed reported in Philadelphia. Automated monitoring detected abnormal behavior.,AutoMonitor,1758093986,Open,FieldOps,East,Philadelphia,Slow Speed,"{""notes"": ""Initial triage performed"", ""updated_by"": ""PulseAI""}",HUB-C2,NODE-202,PulseAI,High SNR variance,133469,HUB-C2-NODE-202-133469,INC0430,CR39848,Core router reboot for patching,1758083186,1758093986,East
INC0190,Internet Down reported in Atlanta. Automated monitoring detected abnormal behavior.,Technician,1752819129,Cancelled,FieldOps,South,Atlanta,Internet Down,"{""notes"": ""Initial triage performed"", ""updated_by"": ""SignalAnalyzer""}",HUB-A1,NODE-303,SignalAnalyzer,Signal drop detected,372023,HUB-A1-NODE-303-372023,INC0377,CR14650,Planned power cycle maintenance,1752833529,1752840729,South
INC0191,Node Down reported in Philadelphia. Automated monitoring detected abnormal behavior.,System,1758251028,In Progress,FieldOps,East,Philadelphia,Node Down,"{""notes"": ""Initial triage performed"", ""updated_by"": ""PulseAI""}",HUB-C2,NODE-303,PulseAI,CMTS upstream channel flap,539508,HUB-C2-NODE-303-539508,INC0282,CR75283,Scheduled hub clean-up activity,1758243828,1758247428,East
INC0192,Authentication Failure reported in Boulder. Automated monitoring detected abnormal behavior.,BMC-Remedy,1763863097,In Progress,NOC-Level1,West,Boulder,Authentication Failure,"{""notes"": ""Initial triage performed"", ""updated_by"": ""AutoMonitorX""}",HUB-D4,NODE-303,AutoMonitorX,CMTS upstream channel flap,357191,HUB-D4-NODE-303-357191,INC0145,CR53434,Planned power cycle maintenance,,,West
INC0193,Packet Loss reported in Atlanta. Automated monitoring detected abnormal behavior.,AutoMonitor,1753945528,Open,NOC-Level2,South,Atlanta,Packet Loss,"{""notes"": ""Initial triage performed"", ""updated_by"": ""NoiseReducer""}",HUB-B1,NODE-505,NoiseReducer,CMTS upstream channel flap,455493,HUB-B1-NODE-505-455493,INC0071,CR25329,Optical node recalibration event,1753952728,1753995928,South
INC0194,Video Outage reported in Atlanta. Automated monitoring detected abnormal behavior.,System,1762643041,Cancelled,NOC-Level1,South,Atlanta,Video Outage,"{""notes"": ""Initial triage performed"", ""updated_by"": ""SignalAnalyzer""}",HUB-B1,NODE-202,SignalAnalyzer,Frequent modem resets observed,786932,HUB-B1-NODE-202-786932,INC0253,CR33162,Scheduled hub clean-up activity,1762650241,1762664641,South
INC0195,Internet Down reported in New York. Automated monitoring detected abnormal behavior.,BMC-Remedy,1763726321,Cancelled,NetEng,East,New York,Internet Down,"{""notes"": ""Initial triage performed"", ""updated_by"": ""NoiseReducer""}",HUB-C2,NODE-505,NoiseReducer,Video feed disruption,866160,HUB-C2-NODE-505-866160,INC0336,CR91220,Fiber maintenance activity,1763744321,1763765921,East
INC0196,Slow Speed reported in Boston. Automated monitoring detected abnormal behavior.,BMC-Remedy,1757578264,Open,NetEng,East,Boston,Slow Speed,"{""notes"": ""Initial triage performed"", ""updated_by"": ""AutoMonitorX""}",HUB-D4,NODE-303,AutoMonitorX,High SNR variance,188812,HUB-D4-NODE-303-188812,INC0427,CR39317,Backbone congestion mitigation changes,,,East
INC0197,Modem Offline reported in Denver. Automated monitoring detected abnormal behavior.,CustomerCare,1757337303,Cancelled,NetEng,West,Denver,Modem Offline,"{""notes"": ""Initial triage performed"", ""updated_by"": ""SignalAnalyzer""}",HUB-B1,NODE-505,SignalAnalyzer,Optical power low,441666,HUB-B1-NODE-505-441666,INC0249,CR84429,Core router reboot for patching,,,West
INC0198,CMTS Congestion reported in St. Louis. Automated monitoring detected abnormal behavior.,Technician,1757453748,Cancelled,NOC-Level1,Central,St. Louis,CMTS Congestion,"{""notes"": ""Initial triage performed"", ""updated_by"": ""AutoMonitorX""}",HUB-A1,NODE-505,AutoMonitorX,CMTS upstream channel flap,522510,HUB-A1-NODE-505-522510,INC0216,CR38576,Planned power cycle maintenance,1757464548,1757468148,Central
INC0199,Internet Down reported in Denver. Automated monitoring detected abnormal behavior.,CustomerCare,1763072368,Resolved,NOC-Level2,West,Denver,Internet Down,"{""notes"": ""Initial triage performed"", ""updated_by"": ""AutoMonitorX""}",HUB-D4,NODE-505,AutoMonitorX,Signal drop detected,600541,HUB-D4-NODE-505-600541,INC0474,CR76141,Backbone congestion mitigation changes,1763065168,1763093968,West
INC0200,Slow Speed reported in Atlanta. Automated monitoring detected abnormal behavior.,Technician,1758776667,Open,NetEng,South,Atlanta,Slow Speed,"{""notes"": ""Initial triage performed"", ""updated_by"": ""SignalAnalyzer""}",HUB-D4,NODE-303,SignalAnalyzer,CMTS upstream channel flap,107320,HUB-D4-NODE-303-107320,INC0212,CR32630,Optical node recalibration event,,,South
INC0201,Packet Loss reported in Boston. Automated monitoring detected abnormal behavior.,Technician,1752302861,Open,NOC-Level1,East,Boston,Packet Loss,"{""notes"": ""Initial triage performed"", ""updated_by"": ""PulseAI""}",HUB-C2,NODE-404,PulseAI,MAC domain downstream failure,348902,HUB-C2-NODE-404-348902,INC0139,CR28470,Planned power cycle maintenance,1752295661,1752335261,East
INC0202,Slow Speed reported in Boston. Automated monitoring detected abnormal behavior.,Technician,1750359200,Open,NOC-Level1,East,Boston,Slow Speed,"{""notes"": ""Initial triage performed"", ""updated_by"": ""NoiseReducer""}",HUB-B1,NODE-202,NoiseReducer,Video feed disruption,680628,HUB-B1-NODE-202-680628,INC0400,CR89573,Planned power cycle maintenance,1750352000,1750391600,East
INC0203,Internet Down reported in Miami. Automated monitoring detected abnormal behavior.,Technician,1754986236,Resolved,NOC-Level1,South,Miami,Internet Down,"{""notes"": ""Initial triage performed"", ""updated_by"": ""NoiseReducer""}",HUB-D4,NODE-101,NoiseReducer,Signal drop detected,544798,HUB-D4-NODE-101-544798,INC0434,CR82585,Core router reboot for patching,1754975436,1754986236,South
INC0204,Node Down reported in Denver. Automated monitoring detected abnormal behavior.,BMC-Remedy,1754904054,In Progress,VideoOps,West,Denver,Node Down,"{""notes"": ""Initial triage performed"", ""updated_by"": ""NoiseReducer""}",HUB-C2,NODE-101,NoiseReducer,Optical power low,849146,HUB-C2-NODE-101-849146,INC0073,CR78414,Planned CMTS software upgrade,1754922054,1754929254,West
INC0205,Authentication Failure reported in Salt Lake City. Automated monitoring detected abnormal behavior.,CustomerCare,1764505165,Resolved,NOC-Level1,West,Salt Lake City,Authentication Failure,"{""notes"": ""Initial triage performed"", ""updated_by"": ""AutoMonitorX""}",HUB-A1,NODE-505,AutoMonitorX,High SNR variance,903433,HUB-A1-NODE-505-903433,INC0273,CR74673,Backbone congestion mitigation changes,,,West
INC0206,Hub Issue reported in Atlanta. Automated monitoring detected abnormal behavior.,AutoMonitor,1757614228,Resolved,NetEng,South,Atlanta,Hub Issue,"{""notes"": ""Initial triage performed"", ""updated_by"": ""AlertBot""}",HUB-C2,NODE-101,AlertBot,High SNR variance,904286,HUB-C2-NODE-101-904286,INC0033,CR95107,Scheduled hub clean-up activity,1757607028,1757632228,South
INC0207,Packet Loss reported in Salt Lake City. Automated monitoring detected abnormal behavior.,Technician,1760835170,Resolved,FieldOps,West,Salt Lake City,Packet Loss,"{""notes"": ""Initial triage performed"", ""updated_by"": ""PulseAI""}",HUB-B1,NODE-404,PulseAI,Signal drop detected,817358,HUB-B1-NODE-404-817358,INC0479,CR18312,Planned power cycle maintenance,1760838770,1760878370,West
INC0208,Packet Loss reported in Dallas. Automated monitoring detected abnormal behavior.,CustomerCare,1756512575,Open,VideoOps,Central,Dallas,Packet Loss,"{""notes"": ""Initial triage performed"", ""updated_by"": ""PulseAI""}",HUB-D4,NODE-505,PulseAI,High SNR variance,247144,HUB-D4-NODE-505-247144,INC0302,CR76427,Optical node recalibration event,1756523375,1756541375,Central
INC0209,Internet Down reported in Atlanta. Automated monitoring detected abnormal behavior.,CustomerCare,1751762175,Cancelled,FieldOps,South,Atlanta,Internet Down,"{""notes"": ""Initial triage performed"", ""updated_by"": ""AlertBot""}",HUB-D4,NODE-404,AlertBot,High SNR variance,989898,HUB-D4-NODE-404-989898,INC0136,CR38087,Core router reboot for patching,1751772975,1751794575,South
INC0210,Packet Loss reported in Boulder. Automated monitoring detected abnormal behavior.,Technician,1754235076,Resolved,NetEng,West,Boulder,Packet Loss,"{""notes"": ""Initial triage performed"", ""updated_by"": ""AutoMonitorX""}",HUB-D4,NODE-505,AutoMonitorX,Optical power low,104927,HUB-D4-NODE-505-104927,INC0117,CR82634,Fiber maintenance activity,,,West
INC0211,Internet Down reported in New York. Automated monitoring detected abnormal behavior.,BMC-Remedy,1754123184,In Progress,NOC-Level1,East,New York,Internet Down,"{""notes"": ""Initial triage performed"", ""updated_by"": ""AutoMonitorX""}",HUB-A1,NODE-202,AutoMonitorX,Optical power low,469536,HUB-A1-NODE-202-469536,INC0419,CR33321,Scheduled hub clean-up activity,1754112384,1754115984,East
INC0212,Authentication Failure reported in Denver. Automated monitoring detected abnormal behavior.,BMC-Remedy,1763068146,In Progress,NOC-Level2,West,Denver,Authentication Failure,"{""notes"": ""Initial triage performed"", ""updated_by"": ""AlertBot""}",HUB-D4,NODE-303,AlertBot,CMTS upstream channel flap,901375,HUB-D4-NODE-303-901375,INC0400,CR36032,Optical node recalibration event,,,West
INC0213,CMTS Congestion reported in Philadelphia. Automated monitoring detected abnormal behavior.,AutoMonitor,1752807872,Cancelled,NOC-Level1,East,Philadelphia,CMTS Congestion,"{""notes"": ""Initial triage performed"", ""updated_by"": ""AutoMonitorX""}",HUB-B1,NODE-303,AutoMonitorX,Optical power low,426530,HUB-B1-NODE-303-426530,INC0026,CR69790,Backbone congestion mitigation changes,1752800672,1752804272,East
INC0214,Fiber Cut reported in Dallas. Automated monitoring detected abnormal behavior.,AutoMonitor,1760504188,In Progress,FieldOps,Central,Dallas,Fiber Cut,"{""notes"": ""Initial triage performed"", ""updated_by"": ""PulseAI""}",HUB-A1,NODE-101,PulseAI,Frequent modem resets observed,283411,HUB-A1-NODE-101-283411,INC0358,CR27651,Scheduled hub clean-up activity,1760496988,1760529388,Central
INC0215,CMTS Congestion reported in Denver. Automated monitoring detected abnormal behavior.,BMC-Remedy,1760024318,In Progress,FieldOps,West,Denver,CMTS Congestion,"{""notes"": ""Initial triage performed"", ""updated_by"": ""SignalAnalyzer""}",HUB-C2,NODE-404,SignalAnalyzer,CMTS upstream channel flap,314699,HUB-C2-NODE-404-314699,INC0069,CR29055,Optical node recalibration event,1760045918,1760060318,West
INC0216,Slow Speed reported in Salt Lake City. Automated monitoring detected abnormal behavior.,CustomerCare,1759669326,In Progress,NetEng,West,Salt Lake City,Slow Speed,"{""notes"": ""Initial triage performed"", ""updated_by"": ""NoiseReducer""}",HUB-C2,NODE-303,NoiseReducer,Video feed disruption,500592,HUB-C2-NODE-303-500592,INC0426,CR91248,Fiber maintenance activity,1759672926,1759712526,West
INC0217,CMTS Congestion reported in Chicago. Automated monitoring detected abnormal behavior.,System,1757258160,Resolved,NOC-Level1,Central,Chicago,CMTS Congestion,"{""notes"": ""Initial triage performed"", ""updated_by"": ""AutoMonitorX""}",HUB-A1,NODE-404,AutoMonitorX,High SNR variance,761285,HUB-A1-NODE-404-761285,INC0257,CR29083,Core router reboot for patching,1757250960,1757258160,Central
INC0218,Modem Offline reported in Salt Lake City. Automated monitoring detected abnormal behavior.,CustomerCare,1756259750,Open,VideoOps,West,Salt Lake City,Modem Offline,"{""notes"": ""Initial triage performed"", ""updated_by"": ""AlertBot""}",HUB-A1,NODE-303,AlertBot,Frequent modem resets observed,821393,HUB-A1-NODE-303-821393,INC0317,CR29987,Planned power cycle maintenance,1756252550,1756281350,West
INC0219,Modem Offline reported in Salt Lake City. Automated monitoring detected abnormal behavior.,BMC-Remedy,1763740171,In Progress,NOC-Level1,West,Salt Lake City,Modem Offline,"{""notes"": ""Initial triage performed"", ""updated_by"": ""SignalAnalyzer""}",HUB-A1,NODE-101,SignalAnalyzer,Optical power low,883534,HUB-A1-NODE-101-883534,INC0021,CR58250,Optical node recalibration event,,,West
INC0220,Packet Loss reported in Chicago. Automated monitoring detected abnormal behavior.,Technician,1755225682,Open,NetEng,Central,Chicago,Packet Loss,"{""notes"": ""Initial triage performed"", ""updated_by"": ""PulseAI""}",HUB-A1,NODE-505,PulseAI,CMTS upstream channel flap,775024,HUB-A1-NODE-505-775024,INC0346,CR98054,Fiber maintenance activity,,,Central
INC0221,Video Outage reported in Denver. Automated monitoring detected abnormal behavior.,System,1756836397,Open,NOC-Level1,West,Denver,Video Outage,"{""notes"": ""Initial triage performed"", ""updated_by"": ""PulseAI""}",HUB-D4,NODE-505,PulseAI,Optical power low,691451,HUB-D4-NODE-505-691451,INC0182,CR37033,Backbone congestion mitigation changes,,,West
INC0222,Fiber Cut reported in Dallas. Automated monitoring detected abnormal behavior.,CustomerCare,1765279766,In Progress,NetEng,Central,Dallas,Fiber Cut,"{""notes"": ""Initial triage performed"", ""updated_by"": ""SignalAnalyzer""}",HUB-D4,NODE-404,SignalAnalyzer,MAC domain downstream failure,128712,HUB-D4-NODE-404-128712,INC0395,CR48689,Planned power cycle maintenance,1765268966,1765294166,Central
INC0223,Slow Speed reported in Boulder. Automated monitoring detected abnormal behavior.,CustomerCare,1756312635,Resolved,VideoOps,West,Boulder,Slow Speed,"{""notes"": ""Initial triage performed"", ""updated_by"": ""PulseAI""}",HUB-C2,NODE-404,PulseAI,Frequent modem resets observed,241186,HUB-C2-NODE-404-241186,INC0345,CR43017,Backbone congestion mitigation changes,1756305435,1756323435,West
INC0224,Packet Loss reported in St. Louis. Automated monitoring detected abnormal behavior.,Technician,1758983964,Resolved,NOC-Level2,Central,St. Louis,Packet Loss,"{""notes"": ""Initial triage performed"", ""updated_by"": ""NoiseReducer""}",HUB-B1,NODE-101,NoiseReducer,Signal drop detected,392004,HUB-B1-NODE-101-392004,INC0014,CR26618,Backbone congestion mitigation changes,1758998364,1759037964,Central
INC0225,Node Down reported in Denver. Automated monitoring detected abnormal behavior.,AutoMonitor,1757440362,Cancelled,FieldOps,West,Denver,Node Down,"{""notes"": ""Initial triage performed"", ""updated_by"": ""AlertBot""}",HUB-D4,NODE-202,AlertBot,CMTS upstream channel flap,895921,HUB-D4-NODE-202-895921,INC0197,CR80034,Planned power cycle maintenance,1757429562,1757436762,West
INC0226,CMTS Congestion reported in Chicago. Automated monitoring detected abnormal behavior.,AutoMonitor,1754937724,Cancelled,VideoOps,Central,Chicago,CMTS Congestion,"{""notes"": ""Initial triage performed"", ""updated_by"": ""SignalAnalyzer""}",HUB-C2,NODE-303,SignalAnalyzer,CMTS upstream channel flap,528571,HUB-C2-NODE-303-528571,INC0097,CR56628,Fiber maintenance activity,1754952124,1754995324,Central
INC0227,Modem Offline reported in New York. Automated monitoring detected abnormal behavior.,Technician,1758008247,In Progress,NOC-Level2,East,New York,Modem Offline,"{""notes"": ""Initial triage performed"", ""updated_by"": ""AutoMonitorX""}",HUB-C2,NODE-505,AutoMonitorX,CMTS upstream channel flap,371527,HUB-C2-NODE-505-371527,INC0115,CR18837,Scheduled hub clean-up activity,1758019047,1758058647,East
INC0228,Hub Issue reported in Atlanta. Automated monitoring detected abnormal behavior.,System,1755014402,Resolved,NetEng,South,Atlanta,Hub Issue,"{""notes"": ""Initial triage performed"", ""updated_by"": ""AlertBot""}",HUB-A1,NODE-303,AlertBot,CMTS upstream channel flap,877460,HUB-A1-NODE-303-877460,INC0317,CR60050,Optical node recalibration event,1755003602,1755014402,South
INC0229,Modem Offline reported in Boston. Automated monitoring detected abnormal behavior.,BMC-Remedy,1764351636,Resolved,VideoOps,East,Boston,Modem Offline,"{""notes"": ""Initial triage performed"", ""updated_by"": ""NoiseReducer""}",HUB-A1,NODE-303,NoiseReducer,Video feed disruption,129494,HUB-A1-NODE-303-129494,INC0169,CR66355,Backbone congestion mitigation changes,1764369636,1764373236,East
INC0230,CMTS Congestion reported in Salt Lake City. Automated monitoring detected abnormal behavior.,CustomerCare,1761925946,Open,VideoOps,West,Salt Lake City,CMTS Congestion,"{""notes"": ""Initial triage performed"", ""updated_by"": ""NoiseReducer""}",HUB-B1,NODE-303,NoiseReducer,High SNR variance,905371,HUB-B1-NODE-303-905371,INC0249,CR59891,Optical node recalibration event,1761915146,1761925946,West
INC0231,Fiber Cut reported in Boulder. Automated monitoring detected abnormal behavior.,CustomerCare,1764468201,Cancelled,NOC-Level1,West,Boulder,Fiber Cut,"{""notes"": ""Initial triage performed"", ""updated_by"": ""NoiseReducer""}",HUB-B1,NODE-101,NoiseReducer,Optical power low,847931,HUB-B1-NODE-101-847931,INC0418,CR18277,Planned power cycle maintenance,1764457401,1764482601,West
INC0232,CMTS Congestion reported in Salt Lake City. Automated monitoring detected abnormal behavior.,Technician,1752621501,Cancelled,NetEng,West,Salt Lake City,CMTS Congestion,"{""notes"": ""Initial triage performed"", ""updated_by"": ""AlertBot""}",HUB-C2,NODE-303,AlertBot,Video feed disruption,736126,HUB-C2-NODE-303-736126,INC0408,CR59066,Fiber maintenance activity,1752632301,1752675501,West
INC0233,CMTS Congestion reported in Denver. Automated monitoring detected abnormal behavior.,System,1759285483,In Progress,FieldOps,West,Denver,CMTS Congestion,"{""notes"": ""Initial triage performed"", ""updated_by"": ""AutoMonitorX""}",HUB-C2,NODE-303,AutoMonitorX,CMTS upstream channel flap,756926,HUB-C2-NODE-303-756926,INC0081,CR39488,Fiber maintenance activity,1759296283,1759325083,West
INC0234,Video Outage reported in Atlanta. Automated monitoring detected abnormal behavior.,BMC-Remedy,1765253825,In Progress,NOC-Level1,South,Atlanta,Video Outage,"{""notes"": ""Initial triage performed"", ""updated_by"": ""NoiseReducer""}",HUB-B1,NODE-505,NoiseReducer,Video feed disruption,387800,HUB-B1-NODE-505-387800,INC0439,CR13379,Backbone congestion mitigation changes,1765243025,1765257425,South
INC0235,Fiber Cut reported in New York. Automated monitoring detected abnormal behavior.,CustomerCare,1758006584,Cancelled,NOC-Level1,East,New York,Fiber Cut,"{""notes"": ""Initial triage performed"", ""updated_by"": ""AutoMonitorX""}",HUB-D4,NODE-303,AutoMonitorX,Video feed disruption,767342,HUB-D4-NODE-303-767342,INC0187,CR63551,Scheduled hub clean-up activity,1758028184,1758035384,East
INC0236,Packet Loss reported in Boulder. Automated monitoring detected abnormal behavior.,System,1760752444,In Progress,VideoOps,West,Boulder,Packet Loss,"{""notes"": ""Initial triage performed"", ""updated_by"": ""NoiseReducer""}",HUB-C2,NODE-303,NoiseReducer,Frequent modem resets observed,821323,HUB-C2-NODE-303-821323,INC0146,CR78041,Scheduled hub clean-up activity,1760759644,1760766844,West
INC0237,Node Down reported in Houston. Automated monitoring detected abnormal behavior.,BMC-Remedy,1754234932,Cancelled,FieldOps,South,Houston,Node Down,"{""notes"": ""Initial triage performed"", ""updated_by"": ""AutoMonitorX""}",HUB-A1,NODE-202,AutoMonitorX,CMTS upstream channel flap,152825,HUB-A1-NODE-202-152825,INC0294,CR81401,Planned power cycle maintenance,1754227732,1754267332,South
INC0238,Internet Down reported in Chicago. Automated monitoring detected abnormal behavior.,Technician,1764196450,Cancelled,NetEng,Central,Chicago,Internet Down,"{""notes"": ""Initial triage performed"", ""updated_by"": ""PulseAI""}",HUB-C2,NODE-202,PulseAI,Signal drop detected,303471,HUB-C2-NODE-202-303471,INC0292,CR75493,Planned CMTS software upgrade,1764185650,1764189250,Central
INC0239,Hub Issue reported in Houston. Automated monitoring detected abnormal behavior.,Technician,1762160250,Open,NetEng,South,Houston,Hub Issue,"{""notes"": ""Initial triage performed"", ""updated_by"": ""AlertBot""}",HUB-D4,NODE-404,AlertBot,High SNR variance,626934,HUB-D4-NODE-404-626934,INC0112,CR90108,Optical node recalibration event,1762174650,1762189050,South
INC0240,Video Outage reported in St. Louis. Automated monitoring detected abnormal behavior.,System,1752864985,Resolved,NOC-Level2,Central,St. Louis,Video Outage,"{""notes"": ""Initial triage performed"", ""updated_by"": ""AutoMonitorX""}",HUB-C2,NODE-101,AutoMonitorX,Frequent modem resets observed,806441,HUB-C2-NODE-101-806441,INC0116,CR41027,Core router reboot for patching,1752875785,1752911785,Central
INC0241,Internet Down reported in St. Louis. Automated monitoring detected abnormal behavior.,BMC-Remedy,1764967495,Resolved,NOC-Level1,Central,St. Louis,Internet Down,"{""notes"": ""Initial triage performed"", ""updated_by"": ""AutoMonitorX""}",HUB-C2,NODE-404,AutoMonitorX,Frequent modem resets observed,845171,HUB-C2-NODE-404-845171,INC0142,CR83669,Core router reboot for patching,,,Central
INC0242,Internet Down reported in Boulder. Automated monitoring detected abnormal behavior.,CustomerCare,1760025544,In Progress,FieldOps,West,Boulder,Internet Down,"{""notes"": ""Initial triage performed"", ""updated_by"": ""AlertBot""}",HUB-B1,NODE-202,AlertBot,Optical power low,932895,HUB-B1-NODE-202-932895,INC0102,CR50564,Backbone congestion mitigation changes,1760036344,1760075944,West
INC0243,Internet Down reported in Salt Lake City. Automated monitoring detected abnormal behavior.,Technician,1752985499,Open,NOC-Level2,West,Salt Lake City,Internet Down,"{""notes"": ""Initial triage performed"", ""updated_by"": ""SignalAnalyzer""}",HUB-B1,NODE-202,SignalAnalyzer,CMTS upstream channel flap,960352,HUB-B1-NODE-202-960352,INC0459,CR21616,Planned CMTS software upgrade,1753007099,1753021499,West
INC0244,Packet Loss reported in Houston. Automated monitoring detected abnormal behavior.,Technician,1761228306,Open,NOC-Level1,South,Houston,Packet Loss,"{""notes"": ""Initial triage performed"", ""updated_by"": ""NoiseReducer""}",HUB-D4,NODE-303,NoiseReducer,High SNR variance,819271,HUB-D4-NODE-303-819271,INC0404,CR31152,Planned power cycle maintenance,1761221106,1761260706,South
INC0245,Fiber Cut reported in Denver. Automated monitoring detected abnormal behavior.,CustomerCare,1752389023,Resolved,NOC-Level2,West,Denver,Fiber Cut,"{""notes"": ""Initial triage performed"", ""updated_by"": ""PulseAI""}",HUB-A1,NODE-303,PulseAI,Signal drop detected,164116,HUB-A1-NODE-303-164116,INC0009,CR21643,Planned power cycle maintenance,1752399823,1752432223,West
INC0246,Node Down reported in Denver. Automated monitoring detected abnormal behavior.,BMC-Remedy,1762822358,Cancelled,NOC-Level2,West,Denver,Node Down,"{""notes"": ""Initial triage performed"", ""updated_by"": ""AlertBot""}",HUB-A1,NODE-505,AlertBot,High SNR variance,247262,HUB-A1-NODE-505-247262,INC0063,CR23196,Planned power cycle maintenance,1762836758,1762858358,West
INC0247,Packet Loss reported in Atlanta. Automated monitoring detected abnormal behavior.,Technician,1761677611,In Progress,VideoOps,South,Atlanta,Packet Loss,"{""notes"": ""Initial triage performed"", ""updated_by"": ""AutoMonitorX""}",HUB-B1,NODE-505,AutoMonitorX,MAC domain downstream failure,380396,HUB-B1-NODE-505-380396,INC0072,CR92774,Backbone congestion mitigation changes,1761681211,1761724411,South
INC0248,Hub Issue reported in Chicago. Automated monitoring detected abnormal behavior.,System,1762619436,Resolved,NOC-Level2,Central,Chicago,Hub Issue,"{""notes"": ""Initial triage performed"", ""updated_by"": ""AutoMonitorX""}",HUB-D4,NODE-202,AutoMonitorX,Signal drop detected,543880,HUB-D4-NODE-202-543880,INC0342,CR61687,Backbone congestion mitigation changes,1762608636,1762612236,Central
INC0249,Slow Speed reported in New York. Automated monitoring detected abnormal behavior.,AutoMonitor,1760244013,Cancelled,NOC-Level2,East,New York,Slow Speed,"{""notes"": ""Initial triage performed"", ""updated_by"": ""AlertBot""}",HUB-B1,NODE-505,AlertBot,Optical power low,686824,HUB-B1-NODE-505-686824,INC0070,CR74642,Planned power cycle maintenance,1760262013,1760294413,East
INC0250,Fiber Cut reported in Boulder. Automated monitoring detected abnormal behavior.,AutoMonitor,1758816693,Open,VideoOps,West,Boulder,Fiber Cut,"{""notes"": ""Initial triage performed"", ""updated_by"": ""AlertBot""}",HUB-B1,NODE-202,AlertBot,CMTS upstream channel flap,322552,HUB-B1-NODE-202-322552,INC0351,CR10027,Planned power cycle maintenance,1758805893,1758816693,West
INC0251,Node Down reported in St. Louis. Automated monitoring detected abnormal behavior.,BMC-Remedy,1761063386,Open,NetEng,Central,St. Louis,Node Down,"{""notes"": ""Initial triage performed"", ""updated_by"": ""AlertBot""}",HUB-C2,NODE-404,AlertBot,Optical power low,296815,HUB-C2-NODE-404-296815,INC0065,CR27500,Planned power cycle maintenance,1761056186,1761074186,Central
INC0252,Modem Offline reported in Dallas. Automated monitoring detected abnormal behavior.,BMC-Remedy,1760875724,Open,FieldOps,Central,Dallas,Modem Offline,"{""notes"": ""Initial triage performed"", ""updated_by"": ""AlertBot""}",HUB-A1,NODE-202,AlertBot,Signal drop detected,678841,HUB-A1-NODE-202-678841,INC0334,CR57879,Optical node recalibration event,1760864924,1760893724,Central
INC0253,Internet Down reported in Dallas. Automated monitoring detected abnormal behavior.,CustomerCare,1750355174,Cancelled,NetEng,Central,Dallas,Internet Down,"{""notes"": ""Initial triage performed"", ""updated_by"": ""AutoMonitorX""}",HUB-A1,NODE-404,AutoMonitorX,Signal drop detected,282294,HUB-A1-NODE-404-282294,INC0044,CR67872,Planned CMTS software upgrade,1750373174,1750376774,Central
INC0254,Slow Speed reported in St. Louis. Automated monitoring detected abnormal behavior.,AutoMonitor,1760970211,In Progress,NOC-Level1,Central,St. Louis,Slow Speed,"{""notes"": ""Initial triage performed"", ""updated_by"": ""PulseAI""}",HUB-B1,NODE-303,PulseAI,Signal drop detected,864105,HUB-B1-NODE-303-864105,INC0096,CR94757,Planned power cycle maintenance,1760959411,1760973811,Central
INC0255,CMTS Congestion reported in Philadelphia. Automated monitoring detected abnormal behavior.,AutoMonitor,1761622000,Cancelled,FieldOps,East,Philadelphia,CMTS Congestion,"{""notes"": ""Initial triage performed"", ""updated_by"": ""NoiseReducer""}",HUB-A1,NODE-101,NoiseReducer,MAC domain downstream failure,874895,HUB-A1-NODE-101-874895,INC0176,CR70079,Planned CMTS software upgrade,1761636400,1761676000,East
INC0256,Hub Issue reported in Miami. Automated monitoring detected abnormal behavior.,Technician,1754630535,Resolved,NOC-Level2,South,Miami,Hub Issue,"{""notes"": ""Initial triage performed"", ""updated_by"": ""SignalAnalyzer""}",HUB-D4,NODE-101,SignalAnalyzer,CMTS upstream channel flap,160726,HUB-D4-NODE-101-160726,INC0342,CR40907,Optical node recalibration event,1754644935,1754655735,South
INC0257,Video Outage reported in Philadelphia. Automated monitoring detected abnormal behavior.,CustomerCare,1759853611,Open,NOC-Level1,East,Philadelphia,Video Outage,"{""notes"": ""Initial triage performed"", ""updated_by"": ""AutoMonitorX""}",HUB-C2,NODE-202,AutoMonitorX,CMTS upstream channel flap,487854,HUB-C2-NODE-202-487854,INC0267,CR37666,Backbone congestion mitigation changes,,,East
INC0258,Slow Speed reported in Houston. Automated monitoring detected abnormal behavior.,System,1761614327,Open,NOC-Level2,South,Houston,Slow Speed,"{""notes"": ""Initial triage performed"", ""updated_by"": ""AlertBot""}",HUB-D4,NODE-303,AlertBot,Video feed disruption,917433,HUB-D4-NODE-303-917433,INC0367,CR74018,Scheduled hub clean-up activity,,,South
INC0259,Modem Offline reported in Salt Lake City. Automated monitoring detected abnormal behavior.,CustomerCare,1764549235,Cancelled,VideoOps,West,Salt Lake City,Modem Offline,"{""notes"": ""Initial triage performed"", ""updated_by"": ""SignalAnalyzer""}",HUB-A1,NODE-505,SignalAnalyzer,High SNR variance,442948,HUB-A1-NODE-505-442948,INC0047,CR46230,Planned power cycle maintenance,,,West
INC0260,CMTS Congestion reported in Atlanta. Automated monitoring detected abnormal behavior.,System,1755834855,In Progress,NOC-Level1,South,Atlanta,CMTS Congestion,"{""notes"": ""Initial triage performed"", ""updated_by"": ""PulseAI""}",HUB-A1,NODE-505,PulseAI,MAC domain downstream failure,149928,HUB-A1-NODE-505-149928,INC0365,CR65793,Scheduled hub clean-up activity,,,South
INC0261,Hub Issue reported in Atlanta. Automated monitoring detected abnormal behavior.,System,1755757284,Resolved,VideoOps,South,Atlanta,Hub Issue,"{""notes"": ""Initial triage performed"", ""updated_by"": ""NoiseReducer""}",HUB-B1,NODE-505,NoiseReducer,Video feed disruption,891799,HUB-B1-NODE-505-891799,INC0282,CR10752,Scheduled hub clean-up activity,,,South
INC0262,Internet Down reported in Chicago. Automated monitoring detected abnormal behavior.,AutoMonitor,1755770395,Resolved,NOC-Level2,Central,Chicago,Internet Down,"{""notes"": ""Initial triage performed"", ""updated_by"": ""PulseAI""}",HUB-B1,NODE-404,PulseAI,High SNR variance,963815,HUB-B1-NODE-404-963815,INC0359,CR13970,Planned power cycle maintenance,1755777595,1755784795,Central
INC0263,Video Outage reported in Dallas. Automated monitoring detected abnormal behavior.,CustomerCare,1759253357,Open,VideoOps,Central,Dallas,Video Outage,"{""notes"": ""Initial triage performed"", ""updated_by"": ""AutoMonitorX""}",HUB-A1,NODE-303,AutoMonitorX,Signal drop detected,126433,HUB-A1-NODE-303-126433,INC0220,CR71118,Fiber maintenance activity,,,Central
INC0264,Authentication Failure reported in Atlanta. Automated monitoring detected abnormal behavior.,CustomerCare,1756993696,In Progress,VideoOps,South,Atlanta,Authentication Failure,"{""notes"": ""Initial triage performed"", ""updated_by"": ""AlertBot""}",HUB-A1,NODE-202,AlertBot,Signal drop detected,935488,HUB-A1-NODE-202-935488,INC0465,CR18568,Planned CMTS software upgrade,,,South
INC0265,Hub Issue reported in Boulder. Automated monitoring detected abnormal behavior.,CustomerCare,1757008965,Open,NetEng,West,Boulder,Hub Issue,"{""notes"": ""Initial triage performed"", ""updated_by"": ""AutoMonitorX""}",HUB-D4,NODE-202,AutoMonitorX,MAC domain downstream failure,142207,HUB-D4-NODE-202-142207,INC0210,CR71478,Optical node recalibration event,,,West
INC0266,Video Outage reported in Philadelphia. Automated monitoring detected abnormal behavior.,System,1753760161,Cancelled,VideoOps,East,Philadelphia,Video Outage,"{""notes"": ""Initial triage performed"", ""updated_by"": ""PulseAI""}",HUB-B1,NODE-303,PulseAI,High SNR variance,779249,HUB-B1-NODE-303-779249,INC0158,CR12525,Core router reboot for patching,1753763761,1753785361,East
INC0267,Slow Speed reported in Atlanta. Automated monitoring detected abnormal behavior.,System,1757924204,Cancelled,NetEng,South,Atlanta,Slow Speed,"{""notes"": ""Initial triage performed"", ""updated_by"": ""NoiseReducer""}",HUB-D4,NODE-505,NoiseReducer,Frequent modem resets observed,729613,HUB-D4-NODE-505-729613,INC0364,CR51054,Optical node recalibration event,1757927804,1757963804,South
INC0268,Internet Down reported in Miami. Automated monitoring detected abnormal behavior.,Technician,1765058484,In Progress,NOC-Level2,South,Miami,Internet Down,"{""notes"": ""Initial triage performed"", ""updated_by"": ""PulseAI""}",HUB-D4,NODE-101,PulseAI,Signal drop detected,709631,HUB-D4-NODE-101-709631,INC0275,CR68925,Core router reboot for patching,1765065684,1765090884,South
INC0269,Modem Offline reported in Boulder. Automated monitoring detected abnormal behavior.,CustomerCare,1760036056,Resolved,FieldOps,West,Boulder,Modem Offline,"{""notes"": ""Initial triage performed"", ""updated_by"": ""NoiseReducer""}",HUB-D4,NODE-303,NoiseReducer,Optical power low,800181,HUB-D4-NODE-303-800181,INC0424,CR72546,Fiber maintenance activity,1760028856,1760064856,West
INC0270,Slow Speed reported in Denver. Automated monitoring detected abnormal behavior.,BMC-Remedy,1752610691,Resolved,NetEng,West,Denver,Slow Speed,"{""notes"": ""Initial triage performed"", ""updated_by"": ""AlertBot""}",HUB-B1,NODE-404,AlertBot,Optical power low,473774,HUB-B1-NODE-404-473774,INC0219,CR24269,Core router reboot for patching,1752614291,1752635891,West
INC0271,Modem Offline reported in Houston. Automated monitoring detected abnormal behavior.,BMC-Remedy,1761978339,Resolved,NOC-Level1,South,Houston,Modem Offline,"{""notes"": ""Initial triage performed"", ""updated_by"": ""SignalAnalyzer""}",HUB-B1,NODE-303,SignalAnalyzer,CMTS upstream channel flap,813411,HUB-B1-NODE-303-813411,INC0197,CR18858,Fiber maintenance activity,,,South
INC0272,Video Outage reported in Salt Lake City. Automated monitoring detected abnormal behavior.,AutoMonitor,1764270648,Cancelled,NOC-Level1,West,Salt Lake City,Video Outage,"{""notes"": ""Initial triage performed"", ""updated_by"": ""PulseAI""}",HUB-B1,NODE-505,PulseAI,MAC domain downstream failure,843635,HUB-B1-NODE-505-843635,INC0467,CR73651,Planned power cycle maintenance,1764259848,1764274248,West
INC0273,Fiber Cut reported in Dallas. Automated monitoring detected abnormal behavior.,AutoMonitor,1758028721,Open,VideoOps,Central,Dallas,Fiber Cut,"{""notes"": ""Initial triage performed"", ""updated_by"": ""NoiseReducer""}",HUB-A1,NODE-202,NoiseReducer,Signal drop detected,301665,HUB-A1-NODE-202-301665,INC0089,CR41909,Optical node recalibration event,1758017921,1758032321,Central
INC0274,CMTS Congestion reported in St. Louis. Automated monitoring detected abnormal behavior.,CustomerCare,1763563622,Cancelled,NOC-Level1,Central,St. Louis,CMTS Congestion,"{""notes"": ""Initial triage performed"", ""updated_by"": ""NoiseReducer""}",HUB-B1,NODE-101,NoiseReducer,Frequent modem resets observed,597377,HUB-B1-NODE-101-597377,INC0150,CR98193,Backbone congestion mitigation changes,,,Central
INC0275,Packet Loss reported in Salt Lake City. Automated monitoring detected abnormal behavior.,CustomerCare,1752768819,Cancelled,NetEng,West,Salt Lake City,Packet Loss,"{""notes"": ""Initial triage performed"", ""updated_by"": ""NoiseReducer""}",HUB-C2,NODE-303,NoiseReducer,Optical power low,839122,HUB-C2-NODE-303-839122,INC0073,CR56227,Backbone congestion mitigation changes,,,West
INC0276,Node Down reported in Miami. Automated monitoring detected abnormal behavior.,AutoMonitor,1756471297,Open,NOC-Level1,South,Miami,Node Down,"{""notes"": ""Initial triage performed"", ""updated_by"": ""AlertBot""}",HUB-B1,NODE-404,AlertBot,Frequent modem resets observed,223320,HUB-B1-NODE-404-223320,INC0448,CR13911,Planned CMTS software upgrade,,,South
INC0277,Internet Down reported in Atlanta. Automated monitoring detected abnormal behavior.,AutoMonitor,1754844126,Open,NOC-Level2,South,Atlanta,Internet Down,"{""notes"": ""Initial triage performed"", ""updated_by"": ""AutoMonitorX""}",HUB-C2,NODE-303,AutoMonitorX,Signal drop detected,263644,HUB-C2-NODE-303-263644,INC0072,CR26642,Planned power cycle maintenance,,,South
INC0278,Authentication Failure reported in Boulder. Automated monitoring detected abnormal behavior.,BMC-Remedy,1761126334,Resolved,NOC-Level2,West,Boulder,Authentication Failure,"{""notes"": ""Initial triage performed"", ""updated_by"": ""AlertBot""}",HUB-B1,NODE-303,AlertBot,CMTS upstream channel flap,793754,HUB-B1-NODE-303-793754,INC0317,CR24705,Fiber maintenance activity,1761119134,1761122734,West
INC0279,Authentication Failure reported in Chicago. Automated monitoring detected abnormal behavior.,CustomerCare,1753082730,Open,NOC-Level2,Central,Chicago,Authentication Failure,"{""notes"": ""Initial triage performed"", ""updated_by"": ""AutoMonitorX""}",HUB-A1,NODE-202,AutoMonitorX,Frequent modem resets observed,184191,HUB-A1-NODE-202-184191,INC0123,CR79997,Optical node recalibration event,1753071930,1753089930,Central
INC0280,Slow Speed reported in Boulder. Automated monitoring detected abnormal behavior.,CustomerCare,1756851980,Cancelled,NetEng,West,Boulder,Slow Speed,"{""notes"": ""Initial triage performed"", ""updated_by"": ""AutoMonitorX""}",HUB-C2,NODE-505,AutoMonitorX,CMTS upstream channel flap,342205,HUB-C2-NODE-505-342205,INC0032,CR23344,Backbone congestion mitigation changes,,,West
INC0281,CMTS Congestion reported in Salt Lake City. Automated monitoring detected abnormal behavior.,System,1754353021,In Progress,VideoOps,West,Salt Lake City,CMTS Congestion,"{""notes"": ""Initial triage performed"", ""updated_by"": ""AlertBot""}",HUB-D4,NODE-202,AlertBot,Signal drop detected,284839,HUB-D4-NODE-202-284839,INC0118,CR61970,Planned power cycle maintenance,,,West
INC0282,Fiber Cut reported in Denver. Automated monitoring detected abnormal behavior.,CustomerCare,1760470484,Cancelled,NOC-Level2,West,Denver,Fiber Cut,"{""notes"": ""Initial triage performed"", ""updated_by"": ""NoiseReducer""}",HUB-D4,NODE-101,NoiseReducer,CMTS upstream channel flap,387763,HUB-D4-NODE-101-387763,INC0289,CR88232,Optical node recalibration event,1760459684,1760484884,West
INC0283,Hub Issue reported in New York. Automated monitoring detected abnormal behavior.,Technician,1752863775,Cancelled,NOC-Level2,East,New York,Hub Issue,"{""notes"": ""Initial triage performed"", ""updated_by"": ""NoiseReducer""}",HUB-A1,NODE-101,NoiseReducer,MAC domain downstream failure,133457,HUB-A1-NODE-101-133457,INC0499,CR66522,Fiber maintenance activity,,,East
INC0284,Modem Offline reported in New York. Automated monitoring detected abnormal behavior.,AutoMonitor,1764618533,Resolved,VideoOps,East,New York,Modem Offline,"{""notes"": ""Initial triage performed"", ""updated_by"": ""SignalAnalyzer""}",HUB-D4,NODE-404,SignalAnalyzer,Signal drop detected,383951,HUB-D4-NODE-404-383951,INC0214,CR86051,Planned power cycle maintenance,1764636533,1764658133,East
INC0285,Packet Loss reported in Miami. Automated monitoring detected abnormal behavior.,AutoMonitor,1761704169,Resolved,VideoOps,South,Miami,Packet Loss,"{""notes"": ""Initial triage performed"", ""updated_by"": ""AlertBot""}",HUB-D4,NODE-101,AlertBot,Optical power low,301756,HUB-D4-NODE-101-301756,INC0010,CR99094,Planned power cycle maintenance,1761693369,1761714969,South
INC0286,Packet Loss reported in Chicago. Automated monitoring detected abnormal behavior.,Technician,1760659360,Resolved,FieldOps,Central,Chicago,Packet Loss,"{""notes"": ""Initial triage performed"", ""updated_by"": ""PulseAI""}",HUB-B1,NODE-303,PulseAI,High SNR variance,456798,HUB-B1-NODE-303-456798,INC0469,CR98680,Backbone congestion mitigation changes,1760652160,1760659360,Central
INC0287,CMTS Congestion reported in Dallas. Automated monitoring detected abnormal behavior.,System,1751198582,Resolved,NOC-Level2,Central,Dallas,CMTS Congestion,"{""notes"": ""Initial triage performed"", ""updated_by"": ""AutoMonitorX""}",HUB-B1,NODE-505,AutoMonitorX,Frequent modem resets observed,675610,HUB-B1-NODE-505-675610,INC0395,CR75697,Backbone congestion mitigation changes,,,Central
INC0288,Slow Speed reported in Salt Lake City. Automated monitoring detected abnormal behavior.,System,1759319120,Open,NOC-Level2,West,Salt Lake City,Slow Speed,"{""notes"": ""Initial triage performed"", ""updated_by"": ""NoiseReducer""}",HUB-C2,NODE-303,NoiseReducer,Signal drop detected,380400,HUB-C2-NODE-303-380400,INC0500,CR75746,Planned power cycle maintenance,1759311920,1759319120,West
INC0289,Hub Issue reported in Miami. Automated monitoring detected abnormal behavior.,BMC-Remedy,1756267782,Resolved,NetEng,South,Miami,Hub Issue,"{""notes"": ""Initial triage performed"", ""updated_by"": ""AutoMonitorX""}",HUB-C2,NODE-101,AutoMonitorX,Signal drop detected,967401,HUB-C2-NODE-101-967401,INC0138,CR39615,Optical node recalibration event,,,South
INC0290,CMTS Congestion reported in St. Louis. Automated monitoring detected abnormal behavior.,System,1761614053,Resolved,FieldOps,Central,St. Louis,CMTS Congestion,"{""notes"": ""Initial triage performed"", ""updated_by"": ""SignalAnalyzer""}",HUB-C2,NODE-404,SignalAnalyzer,Signal drop detected,444026,HUB-C2-NODE-404-444026,INC0327,CR60732,Planned power cycle maintenance,,,Central
INC0291,Slow Speed reported in New York. Automated monitoring detected abnormal behavior.,CustomerCare,1750946411,Open,VideoOps,East,New York,Slow Speed,"{""notes"": ""Initial triage performed"", ""updated_by"": ""AutoMonitorX""}",HUB-A1,NODE-101,AutoMonitorX,Optical power low,364109,HUB-A1-NODE-101-364109,INC0014,CR74025,Planned power cycle maintenance,,,East
INC0292,CMTS Congestion reported in Atlanta. Automated monitoring detected abnormal behavior.,BMC-Remedy,1750198125,In Progress,NOC-Level2,South,Atlanta,CMTS Congestion,"{""notes"": ""Initial triage performed"", ""updated_by"": ""SignalAnalyzer""}",HUB-A1,NODE-202,SignalAnalyzer,Video feed disruption,456621,HUB-A1-NODE-202-456621,INC0434,CR23381,Planned power cycle maintenance,,,South
INC0293,Authentication Failure reported in Salt Lake City. Automated monitoring detected abnormal behavior.,BMC-Remedy,1754710383,In Progress,FieldOps,West,Salt Lake City,Authentication Failure,"{""notes"": ""Initial triage performed"", ""updated_by"": ""NoiseReducer""}",HUB-C2,NODE-505,NoiseReducer,CMTS upstream channel flap,305420,HUB-C2-NODE-505-305420,INC0339,CR38876,Core router reboot for patching,,,West
INC0294,Hub Issue reported in Houston. Automated monitoring detected abnormal behavior.,BMC-Remedy,1752589079,Cancelled,VideoOps,South,Houston,Hub Issue,"{""notes"": ""Initial triage performed"", ""updated_by"": ""AlertBot""}",HUB-B1,NODE-505,AlertBot,Signal drop detected,442056,HUB-B1-NODE-505-442056,INC0367,CR61980,Backbone congestion mitigation changes,1752603479,1752635879,South
INC0295,Packet Loss reported in Miami. Automated monitoring detected abnormal behavior.,Technician,1761845358,Resolved,FieldOps,South,Miami,Packet Loss,"{""notes"": ""Initial triage performed"", ""updated_by"": ""PulseAI""}",HUB-D4,NODE-202,PulseAI,Video feed disruption,648077,HUB-D4-NODE-202-648077,INC0173,CR72795,Planned power cycle maintenance,1761859758,1761863358,South
INC0296,Video Outage reported in Boston. Automated monitoring detected abnormal behavior.,AutoMonitor,1754821465,Resolved,VideoOps,East,Boston,Video Outage,"{""notes"": ""Initial triage performed"", ""updated_by"": ""SignalAnalyzer""}",HUB-D4,NODE-101,SignalAnalyzer,Optical power low,852437,HUB-D4-NODE-101-852437,INC0150,CR63470,Core router reboot for patching,1754814265,1754853865,East
INC0297,Fiber Cut reported in Dallas. Automated monitoring detected abnormal behavior.,AutoMonitor,1751099322,Cancelled,NOC-Level2,Central,Dallas,Fiber Cut,"{""notes"": ""Initial triage performed"", ""updated_by"": ""AlertBot""}",HUB-A1,NODE-404,AlertBot,High SNR variance,832108,HUB-A1-NODE-404-832108,INC0381,CR30978,Planned CMTS software upgrade,,,Central
INC0298,Video Outage reported in Houston. Automated monitoring detected abnormal behavior.,BMC-Remedy,1758842021,Resolved,VideoOps,South,Houston,Video Outage,"{""notes"": ""Initial triage performed"", ""updated_by"": ""AutoMonitorX""}",HUB-B1,NODE-303,AutoMonitorX,Frequent modem resets observed,697307,HUB-B1-NODE-303-697307,INC0139,CR80133,Backbone congestion mitigation changes,1758831221,1758845621,South
INC0299,Modem Offline reported in New York. Automated monitoring detected abnormal behavior.,Technician,1763680025,Open,NOC-Level1,East,New York,Modem Offline,"{""notes"": ""Initial triage performed"", ""updated_by"": ""AlertBot""}",HUB-C2,NODE-404,AlertBot,Signal drop detected,133721,HUB-C2-NODE-404-133721,INC0094,CR61253,Planned power cycle maintenance,1763669225,1763698025,East
INC0300,Video Outage reported in Boulder. Automated monitoring detected abnormal behavior.,Technician,1760793196,In Progress,FieldOps,West,Boulder,Video Outage,"{""notes"": ""Initial triage performed"", ""updated_by"": ""SignalAnalyzer""}",HUB-D4,NODE-303,SignalAnalyzer,Optical power low,518379,HUB-D4-NODE-303-518379,INC0062,CR74648,Optical node recalibration event,1760785996,1760807596,West
INC0301,Modem Offline reported in Boston. Automated monitoring detected abnormal behavior.,CustomerCare,1759339391,Cancelled,NOC-Level2,East,Boston,Modem Offline,"{""notes"": ""Initial triage performed"", ""updated_by"": ""AlertBot""}",HUB-C2,NODE-101,AlertBot,Optical power low,175330,HUB-C2-NODE-101-175330,INC0138,CR22415,Backbone congestion mitigation changes,,,East
INC0302,Video Outage reported in Houston. Automated monitoring detected abnormal behavior.,System,1753422325,In Progress,NOC-Level2,South,Houston,Video Outage,"{""notes"": ""Initial triage performed"", ""updated_by"": ""NoiseReducer""}",HUB-A1,NODE-505,NoiseReducer,CMTS upstream channel flap,486705,HUB-A1-NODE-505-486705,INC0215,CR32504,Fiber maintenance activity,,,South
INC0303,Fiber Cut reported in Boulder. Automated monitoring detected abnormal behavior.,CustomerCare,1764233197,Resolved,NOC-Level2,West,Boulder,Fiber Cut,"{""notes"": ""Initial triage performed"", ""updated_by"": ""PulseAI""}",HUB-A1,NODE-505,PulseAI,Frequent modem resets observed,800257,HUB-A1-NODE-505-800257,INC0257,CR79886,Core router reboot for patching,1764222397,1764243997,West
INC0304,Slow Speed reported in Denver. Automated monitoring detected abnormal behavior.,AutoMonitor,1757704162,Open,NOC-Level1,West,Denver,Slow Speed,"{""notes"": ""Initial triage performed"", ""updated_by"": ""NoiseReducer""}",HUB-D4,NODE-303,NoiseReducer,Optical power low,364337,HUB-D4-NODE-303-364337,INC0338,CR55344,Fiber maintenance activity,,,West
INC0305,Modem Offline reported in Atlanta. Automated monitoring detected abnormal behavior.,BMC-Remedy,1760007257,Resolved,NOC-Level2,South,Atlanta,Modem Offline,"{""notes"": ""Initial triage performed"", ""updated_by"": ""SignalAnalyzer""}",HUB-B1,NODE-303,SignalAnalyzer,Signal drop detected,216448,HUB-B1-NODE-303-216448,INC0070,CR20721,Backbone congestion mitigation changes,,,South
INC0306,Authentication Failure reported in New York. Automated monitoring detected abnormal behavior.,CustomerCare,1764183687,In Progress,NetEng,East,New York,Authentication Failure,"{""notes"": ""Initial triage performed"", ""updated_by"": ""PulseAI""}",HUB-D4,NODE-505,PulseAI,Optical power low,875890,HUB-D4-NODE-505-875890,INC0310,CR65828,Backbone congestion mitigation changes,1764176487,1764180087,East
INC0307,Node Down reported in Denver. Automated monitoring detected abnormal behavior.,CustomerCare,1753847957,Cancelled,NetEng,West,Denver,Node Down,"{""notes"": ""Initial triage performed"", ""updated_by"": ""PulseAI""}",HUB-A1,NODE-404,PulseAI,CMTS upstream channel flap,321368,HUB-A1-NODE-404-321368,INC0204,CR58848,Fiber maintenance activity,,,West
INC0308,CMTS Congestion reported in Miami. Automated monitoring detected abnormal behavior.,AutoMonitor,1761148021,Open,FieldOps,South,Miami,CMTS Congestion,"{""notes"": ""Initial triage performed"", ""updated_by"": ""PulseAI""}",HUB-C2,NODE-101,PulseAI,High SNR variance,917282,HUB-C2-NODE-101-917282,INC0496,CR76950,Core router reboot for patching,1761140821,1761169621,South
INC0309,Packet Loss reported in Atlanta. Automated monitoring detected abnormal behavior.,CustomerCare,1756042986,Resolved,VideoOps,South,Atlanta,Packet Loss,"{""notes"": ""Initial triage performed"", ""updated_by"": ""PulseAI""}",HUB-A1,NODE-101,PulseAI,Frequent modem resets observed,426351,HUB-A1-NODE-101-426351,INC0452,CR45931,Planned power cycle maintenance,1756053786,1756096986,South
INC0310,Node Down reported in Houston. Automated monitoring detected abnormal behavior.,System,1755067992,In Progress,NOC-Level1,South,Houston,Node Down,"{""notes"": ""Initial triage performed"", ""updated_by"": ""SignalAnalyzer""}",HUB-D4,NODE-202,SignalAnalyzer,Frequent modem resets observed,429304,HUB-D4-NODE-202-429304,INC0320,CR22796,Fiber maintenance activity,,,South
INC0311,Slow Speed reported in New York. Automated monitoring detected abnormal behavior.,AutoMonitor,1753053676,Resolved,NOC-Level1,East,New York,Slow Speed,"{""notes"": ""Initial triage performed"", ""updated_by"": ""AutoMonitorX""}",HUB-A1,NODE-505,AutoMonitorX,CMTS upstream channel flap,622013,HUB-A1-NODE-505-622013,INC0207,CR35645,Scheduled hub clean-up activity,,,East
INC0312,Authentication Failure reported in Chicago. Automated monitoring detected abnormal behavior.,AutoMonitor,1761705716,In Progress,NOC-Level2,Central,Chicago,Authentication Failure,"{""notes"": ""Initial triage performed"", ""updated_by"": ""PulseAI""}",HUB-D4,NODE-505,PulseAI,High SNR variance,693210,HUB-D4-NODE-505-693210,INC0243,CR15001,Planned CMTS software upgrade,1761694916,1761702116,Central
INC0313,CMTS Congestion reported in Miami. Automated monitoring detected abnormal behavior.,System,1753873205,In Progress,FieldOps,South,Miami,CMTS Congestion,"{""notes"": ""Initial triage performed"", ""updated_by"": ""AlertBot""}",HUB-A1,NODE-505,AlertBot,Video feed disruption,709581,HUB-A1-NODE-505-709581,INC0133,CR12932,Backbone congestion mitigation changes,1753866005,1753905605,South
INC0314,Video Outage reported in Denver. Automated monitoring detected abnormal behavior.,BMC-Remedy,1762508933,Open,NOC-Level2,West,Denver,Video Outage,"{""notes"": ""Initial triage performed"", ""updated_by"": ""SignalAnalyzer""}",HUB-A1,NODE-202,SignalAnalyzer,Frequent modem resets observed,530381,HUB-A1-NODE-202-530381,INC0149,CR18904,Optical node recalibration event,1762523333,1762562933,West
INC0315,Packet Loss reported in Denver. Automated monitoring detected abnormal behavior.,AutoMonitor,1756251886,Resolved,FieldOps,West,Denver,Packet Loss,"{""notes"": ""Initial triage performed"", ""updated_by"": ""NoiseReducer""}",HUB-C2,NODE-303,NoiseReducer,Optical power low,283332,HUB-C2-NODE-303-283332,INC0074,CR43547,Planned CMTS software upgrade,1756269886,1756280686,West
INC0316,Video Outage reported in Miami. Automated monitoring detected abnormal behavior.,AutoMonitor,1754749498,Open,NOC-Level1,South,Miami,Video Outage,"{""notes"": ""Initial triage performed"", ""updated_by"": ""SignalAnalyzer""}",HUB-C2,NODE-101,SignalAnalyzer,Video feed disruption,762533,HUB-C2-NODE-101-762533,INC0250,CR54316,Fiber maintenance activity,,,South
INC0317,Modem Offline reported in Boulder. Automated monitoring detected abnormal behavior.,CustomerCare,1754224574,Open,NOC-Level2,West,Boulder,Modem Offline,"{""notes"": ""Initial triage performed"", ""updated_by"": ""AlertBot""}",HUB-C2,NODE-101,AlertBot,Frequent modem resets observed,497796,HUB-C2-NODE-101-497796,INC0215,CR81442,Optical node recalibration event,1754242574,1754264174,West
INC0318,Fiber Cut reported in Dallas. Automated monitoring detected abnormal behavior.,Technician,1755747967,Cancelled,NOC-Level2,Central,Dallas,Fiber Cut,"{""notes"": ""Initial triage performed"", ""updated_by"": ""AutoMonitorX""}",HUB-B1,NODE-404,AutoMonitorX,High SNR variance,898363,HUB-B1-NODE-404-898363,INC0295,CR80401,Planned CMTS software upgrade,1755737167,1755755167,Central
INC0319,Packet Loss reported in Philadelphia. Automated monitoring detected abnormal behavior.,CustomerCare,1758232891,Resolved,NOC-Level1,East,Philadelphia,Packet Loss,"{""notes"": ""Initial triage performed"", ""updated_by"": ""AlertBot""}",HUB-B1,NODE-404,AlertBot,Frequent modem resets observed,380433,HUB-B1-NODE-404-380433,INC0070,CR67531,Backbone congestion mitigation changes,1758240091,1758250891,East
INC0320,Packet Loss reported in Boulder. Automated monitoring detected abnormal behavior.,System,1763198130,Cancelled,NOC-Level1,West,Boulder,Packet Loss,"{""notes"": ""Initial triage performed"", ""updated_by"": ""SignalAnalyzer""}",HUB-D4,NODE-202,SignalAnalyzer,Video feed disruption,907713,HUB-D4-NODE-202-907713,INC0335,CR12409,Fiber maintenance activity,1763208930,1763234130,West
INC0321,CMTS Congestion reported in Denver. Automated monitoring detected abnormal behavior.,CustomerCare,1754887812,In Progress,NetEng,West,Denver,CMTS Congestion,"{""notes"": ""Initial triage performed"", ""updated_by"": ""NoiseReducer""}",HUB-A1,NODE-404,NoiseReducer,CMTS upstream channel flap,664142,HUB-A1-NODE-404-664142,INC0096,CR30501,Fiber maintenance activity,1754898612,1754941812,West
INC0322,Slow Speed reported in Chicago. Automated monitoring detected abnormal behavior.,System,1752501670,In Progress,NOC-Level2,Central,Chicago,Slow Speed,"{""notes"": ""Initial triage performed"", ""updated_by"": ""SignalAnalyzer""}",HUB-D4,NODE-303,SignalAnalyzer,Frequent modem resets observed,331841,HUB-D4-NODE-303-331841,INC0035,CR55621,Fiber maintenance activity,1752508870,1752537670,Central
INC0323,Fiber Cut reported in St. Louis. Automated monitoring detected abnormal behavior.,BMC-Remedy,1757595032,In Progress,VideoOps,Central,St. Louis,Fiber Cut,"{""notes"": ""Initial triage performed"", ""updated_by"": ""PulseAI""}",HUB-A1,NODE-303,PulseAI,High SNR variance,616583,HUB-A1-NODE-303-616583,INC0107,CR19431,Optical node recalibration event,,,Central
INC0324,Packet Loss reported in Miami. Automated monitoring detected abnormal behavior.,CustomerCare,1754380987,Cancelled,FieldOps,South,Miami,Packet Loss,"{""notes"": ""Initial triage performed"", ""updated_by"": ""NoiseReducer""}",HUB-C2,NODE-202,NoiseReducer,Signal drop detected,227610,HUB-C2-NODE-202-227610,INC0108,CR48317,Core router reboot for patching,1754373787,1754395387,South
INC0325,Authentication Failure reported in Denver. Automated monitoring detected abnormal behavior.,AutoMonitor,1763614616,Open,NOC-Level2,West,Denver,Authentication Failure,"{""notes"": ""Initial triage performed"", ""updated_by"": ""SignalAnalyzer""}",HUB-A1,NODE-202,SignalAnalyzer,Signal drop detected,769069,HUB-A1-NODE-202-769069,INC0258,CR73520,Planned CMTS software upgrade,,,West
INC0326,Slow Speed reported in Miami. Automated monitoring detected abnormal behavior.,BMC-Remedy,1750515994,Open,NetEng,South,Miami,Slow Speed,"{""notes"": ""Initial triage performed"", ""updated_by"": ""SignalAnalyzer""}",HUB-A1,NODE-303,SignalAnalyzer,Video feed disruption,709468,HUB-A1-NODE-303-709468,INC0201,CR23880,Planned CMTS software upgrade,1750508794,1750523194,South
INC0327,Modem Offline reported in New York. Automated monitoring detected abnormal behavior.,Technician,1752947145,Open,NetEng,East,New York,Modem Offline,"{""notes"": ""Initial triage performed"", ""updated_by"": ""AutoMonitorX""}",HUB-B1,NODE-505,AutoMonitorX,CMTS upstream channel flap,959834,HUB-B1-NODE-505-959834,INC0300,CR51564,Core router reboot for patching,,,East
INC0328,Authentication Failure reported in Atlanta. Automated monitoring detected abnormal behavior.,System,1759036492,Resolved,FieldOps,South,Atlanta,Authentication Failure,"{""notes"": ""Initial triage performed"", ""updated_by"": ""SignalAnalyzer""}",HUB-C2,NODE-404,SignalAnalyzer,CMTS upstream channel flap,958558,HUB-C2-NODE-404-958558,INC0040,CR10680,Scheduled hub clean-up activity,1759058092,1759094092,South
INC0329,Video Outage reported in Boston. Automated monitoring detected abnormal behavior.,AutoMonitor,1762800097,Open,NetEng,East,Boston,Video Outage,"{""notes"": ""Initial triage performed"", ""updated_by"": ""PulseAI""}",HUB-D4,NODE-101,PulseAI,Video feed disruption,513712,HUB-D4-NODE-101-513712,INC0228,CR63061,Backbone congestion mitigation changes,1762792897,1762818097,East
INC0330,Fiber Cut reported in Salt Lake City. Automated monitoring detected abnormal behavior.,Technician,1755855578,Cancelled,FieldOps,West,Salt Lake City,Fiber Cut,"{""notes"": ""Initial triage performed"", ""updated_by"": ""AlertBot""}",HUB-A1,NODE-202,AlertBot,CMTS upstream channel flap,463633,HUB-A1-NODE-202-463633,INC0064,CR15905,Planned power cycle maintenance,1755866378,1755895178,West
INC0331,Slow Speed reported in Atlanta. Automated monitoring detected abnormal behavior.,AutoMonitor,1756163555,Cancelled,NetEng,South,Atlanta,Slow Speed,"{""notes"": ""Initial triage performed"", ""updated_by"": ""AutoMonitorX""}",HUB-B1,NODE-202,AutoMonitorX,High SNR variance,740426,HUB-B1-NODE-202-740426,INC0423,CR45101,Backbone congestion mitigation changes,,,South
INC0332,Video Outage reported in Atlanta. Automated monitoring detected abnormal behavior.,AutoMonitor,1751918655,In Progress,FieldOps,South,Atlanta,Video Outage,"{""notes"": ""Initial triage performed"", ""updated_by"": ""NoiseReducer""}",HUB-D4,NODE-101,NoiseReducer,Frequent modem resets observed,696291,HUB-D4-NODE-101-696291,INC0085,CR64329,Scheduled hub clean-up activity,1751911455,1751954655,South
INC0333,Fiber Cut reported in Salt Lake City. Automated monitoring detected abnormal behavior.,CustomerCare,1760868281,In Progress,NOC-Level2,West,Salt Lake City,Fiber Cut,"{""notes"": ""Initial triage performed"", ""updated_by"": ""SignalAnalyzer""}",HUB-A1,NODE-303,SignalAnalyzer,CMTS upstream channel flap,723534,HUB-A1-NODE-303-723534,INC0240,CR56190,Core router reboot for patching,1760886281,1760897081,West
INC0334,Node Down reported in Miami. Automated monitoring detected abnormal behavior.,CustomerCare,1765252768,Open,FieldOps,South,Miami,Node Down,"{""notes"": ""Initial triage performed"", ""updated_by"": ""PulseAI""}",HUB-D4,NODE-202,PulseAI,Optical power low,379028,HUB-D4-NODE-202-379028,INC0101,CR60796,Core router reboot for patching,1765267168,1765288768,South
INC0335,Hub Issue reported in Atlanta. Automated monitoring detected abnormal behavior.,CustomerCare,1754592491,Cancelled,FieldOps,South,Atlanta,Hub Issue,"{""notes"": ""Initial triage performed"", ""updated_by"": ""AlertBot""}",HUB-B1,NODE-404,AlertBot,High SNR variance,645698,HUB-B1-NODE-404-645698,INC0427,CR58799,Scheduled hub clean-up activity,1754585291,1754610491,South
INC0336,Node Down reported in Houston. Automated monitoring detected abnormal behavior.,Technician,1759907794,Cancelled,VideoOps,South,Houston,Node Down,"{""notes"": ""Initial triage performed"", ""updated_by"": ""AutoMonitorX""}",HUB-A1,NODE-303,AutoMonitorX,CMTS upstream channel flap,539435,HUB-A1-NODE-303-539435,INC0321,CR91133,Backbone congestion mitigation changes,,,South
INC0337,CMTS Congestion reported in Boston. Automated monitoring detected abnormal behavior.,Technician,1759840588,Open,NetEng,East,Boston,CMTS Congestion,"{""notes"": ""Initial triage performed"", ""updated_by"": ""PulseAI""}",HUB-B1,NODE-404,PulseAI,CMTS upstream channel flap,330196,HUB-B1-NODE-404-330196,INC0231,CR75648,Backbone congestion mitigation changes,,,East
INC0338,Modem Offline reported in New York. Automated monitoring detected abnormal behavior.,AutoMonitor,1764382645,Cancelled,NOC-Level2,East,New York,Modem Offline,"{""notes"": ""Initial triage performed"", ""updated_by"": ""AlertBot""}",HUB-A1,NODE-404,AlertBot,CMTS upstream channel flap,874937,HUB-A1-NODE-404-874937,INC0412,CR56110,Backbone congestion mitigation changes,1764375445,1764407845,East
INC0339,Modem Offline reported in Salt Lake City. Automated monitoring detected abnormal behavior.,BMC-Remedy,1758311588,In Progress,NetEng,West,Salt Lake City,Modem Offline,"{""notes"": ""Initial triage performed"", ""updated_by"": ""SignalAnalyzer""}",HUB-B1,NODE-505,SignalAnalyzer,Frequent modem resets observed,910784,HUB-B1-NODE-505-910784,INC0490,CR81095,Optical node recalibration event,,,West
INC0340,Node Down reported in Atlanta. Automated monitoring detected abnormal behavior.,System,1751741320,In Progress,VideoOps,South,Atlanta,Node Down,"{""notes"": ""Initial triage performed"", ""updated_by"": ""SignalAnalyzer""}",HUB-A1,NODE-404,SignalAnalyzer,Frequent modem resets observed,935573,HUB-A1-NODE-404-935573,INC0153,CR41471,Fiber maintenance activity,1751734120,1751741320,South
INC0341,Authentication Failure reported in St. Louis. Automated monitoring detected abnormal behavior.,BMC-Remedy,1765357419,Open,FieldOps,Central,St. Louis,Authentication Failure,"{""notes"": ""Initial triage performed"", ""updated_by"": ""AlertBot""}",HUB-C2,NODE-202,AlertBot,High SNR variance,318280,HUB-C2-NODE-202-318280,INC0412,CR73226,Fiber maintenance activity,,,Central
INC0342,Fiber Cut reported in Houston. Automated monitoring detected abnormal behavior.,AutoMonitor,1756785407,Cancelled,VideoOps,South,Houston,Fiber Cut,"{""notes"": ""Initial triage performed"", ""updated_by"": ""AutoMonitorX""}",HUB-B1,NODE-505,AutoMonitorX,Frequent modem resets observed,372771,HUB-B1-NODE-505-372771,INC0270,CR39089,Core router reboot for patching,1756778207,1756814207,South
INC0343,Slow Speed reported in Dallas. Automated monitoring detected abnormal behavior.,BMC-Remedy,1756938287,Cancelled,NOC-Level2,Central,Dallas,Slow Speed,"{""notes"": ""Initial triage performed"", ""updated_by"": ""NoiseReducer""}",HUB-B1,NODE-101,NoiseReducer,Frequent modem resets observed,991020,HUB-B1-NODE-101-991020,INC0292,CR78875,Optical node recalibration event,1756941887,1756970687,Central
INC0344,Modem Offline reported in Denver. Automated monitoring detected abnormal behavior.,CustomerCare,1750504835,In Progress,NOC-Level1,West,Denver,Modem Offline,"{""notes"": ""Initial triage performed"", ""updated_by"": ""SignalAnalyzer""}",HUB-C2,NODE-101,SignalAnalyzer,CMTS upstream channel flap,611027,HUB-C2-NODE-101-611027,INC0162,CR23491,Planned power cycle maintenance,1750494035,1750515635,West
INC0345,CMTS Congestion reported in Boston. Automated monitoring detected abnormal behavior.,AutoMonitor,1760929585,In Progress,VideoOps,East,Boston,CMTS Congestion,"{""notes"": ""Initial triage performed"", ""updated_by"": ""AlertBot""}",HUB-C2,NODE-202,AlertBot,CMTS upstream channel flap,103959,HUB-C2-NODE-202-103959,INC0106,CR48643,Optical node recalibration event,,,East
INC0346,Modem Offline reported in St. Louis. Automated monitoring detected abnormal behavior.,System,1751898536,Resolved,FieldOps,Central,St. Louis,Modem Offline,"{""notes"": ""Initial triage performed"", ""updated_by"": ""SignalAnalyzer""}",HUB-C2,NODE-404,SignalAnalyzer,Frequent modem resets observed,466538,HUB-C2-NODE-404-466538,INC0302,CR59028,Planned CMTS software upgrade,1751920136,1751959736,Central
INC0347,Hub Issue reported in St. Louis. Automated monitoring detected abnormal behavior.,System,1754600555,Open,NOC-Level2,Central,St. Louis,Hub Issue,"{""notes"": ""Initial triage performed"", ""updated_by"": ""PulseAI""}",HUB-A1,NODE-404,PulseAI,Optical power low,492153,HUB-A1-NODE-404-492153,INC0224,CR77075,Planned CMTS software upgrade,1754622155,1754658155,Central
INC0348,Video Outage reported in Boston. Automated monitoring detected abnormal behavior.,System,1757606836,Open,FieldOps,East,Boston,Video Outage,"{""notes"": ""Initial triage performed"", ""updated_by"": ""AlertBot""}",HUB-D4,NODE-303,AlertBot,Video feed disruption,491599,HUB-D4-NODE-303-491599,INC0464,CR43582,Planned power cycle maintenance,,,East
INC0349,Packet Loss reported in Philadelphia. Automated monitoring detected abnormal behavior.,CustomerCare,1755013859,Cancelled,FieldOps,East,Philadelphia,Packet Loss,"{""notes"": ""Initial triage performed"", ""updated_by"": ""AlertBot""}",HUB-D4,NODE-404,AlertBot,MAC domain downstream failure,808468,HUB-D4-NODE-404-808468,INC0384,CR91114,Planned CMTS software upgrade,1755006659,1755049859,East
INC0350,Node Down reported in Philadelphia. Automated monitoring detected abnormal behavior.,CustomerCare,1757585091,Open,NetEng,East,Philadelphia,Node Down,"{""notes"": ""Initial triage performed"", ""updated_by"": ""PulseAI""}",HUB-A1,NODE-303,PulseAI,CMTS upstream channel flap,912147,HUB-A1-NODE-303-912147,INC0125,CR97421,Backbone congestion mitigation changes,1757574291,1757595891,East
INC0351,Modem Offline reported in St. Louis. Automated monitoring detected abnormal behavior.,CustomerCare,1757308265,In Progress,NetEng,Central,St. Louis,Modem Offline,"{""notes"": ""Initial triage performed"", ""updated_by"": ""NoiseReducer""}",HUB-C2,NODE-404,NoiseReducer,Video feed disruption,593124,HUB-C2-NODE-404-593124,INC0197,CR69962,Core router reboot for patching,,,Central
INC0352,Authentication Failure reported in Houston. Automated monitoring detected abnormal behavior.,CustomerCare,1763117705,Resolved,NetEng,South,Houston,Authentication Failure,"{""notes"": ""Initial triage performed"", ""updated_by"": ""AlertBot""}",HUB-A1,NODE-202,AlertBot,Frequent modem resets observed,903165,HUB-A1-NODE-202-903165,INC0376,CR22089,Planned power cycle maintenance,1763106905,1763114105,South
INC0353,Video Outage reported in Atlanta. Automated monitoring detected abnormal behavior.,System,1764523100,Open,VideoOps,South,Atlanta,Video Outage,"{""notes"": ""Initial triage performed"", ""updated_by"": ""SignalAnalyzer""}",HUB-A1,NODE-101,SignalAnalyzer,Optical power low,105158,HUB-A1-NODE-101-105158,INC0298,CR93626,Scheduled hub clean-up activity,,,South
INC0354,Packet Loss reported in Denver. Automated monitoring detected abnormal behavior.,CustomerCare,1761765692,Cancelled,VideoOps,West,Denver,Packet Loss,"{""notes"": ""Initial triage performed"", ""updated_by"": ""AlertBot""}",HUB-D4,NODE-505,AlertBot,Optical power low,788333,HUB-D4-NODE-505-788333,INC0122,CR51153,Core router reboot for patching,1761758492,1761762092,West
INC0355,Internet Down reported in Miami. Automated monitoring detected abnormal behavior.,BMC-Remedy,1752438115,In Progress,NetEng,South,Miami,Internet Down,"{""notes"": ""Initial triage performed"", ""updated_by"": ""SignalAnalyzer""}",HUB-A1,NODE-505,SignalAnalyzer,Signal drop detected,390040,HUB-A1-NODE-505-390040,INC0283,CR62878,Core router reboot for patching,1752459715,1752502915,South
INC0356,Authentication Failure reported in New York. Automated monitoring detected abnormal behavior.,AutoMonitor,1764860101,Cancelled,NOC-Level1,East,New York,Authentication Failure,"{""notes"": ""Initial triage performed"", ""updated_by"": ""SignalAnalyzer""}",HUB-A1,NODE-303,SignalAnalyzer,MAC domain downstream failure,328778,HUB-A1-NODE-303-328778,INC0456,CR82167,Planned CMTS software upgrade,1764870901,1764888901,East
INC0357,Hub Issue reported in Dallas. Automated monitoring detected abnormal behavior.,BMC-Remedy,1764305389,Open,VideoOps,Central,Dallas,Hub Issue,"{""notes"": ""Initial triage performed"", ""updated_by"": ""SignalAnalyzer""}",HUB-B1,NODE-505,SignalAnalyzer,Optical power low,717130,HUB-B1-NODE-505-717130,INC0304,CR56546,Core router reboot for patching,1764312589,1764323389,Central
INC0358,Video Outage reported in Salt Lake City. Automated monitoring detected abnormal behavior.,System,1757911340,Cancelled,NOC-Level2,West,Salt Lake City,Video Outage,"{""notes"": ""Initial triage performed"", ""updated_by"": ""AutoMonitorX""}",HUB-C2,NODE-303,AutoMonitorX,Video feed disruption,655915,HUB-C2-NODE-303-655915,INC0215,CR76191,Fiber maintenance activity,1757925740,1757961740,West
INC0359,Authentication Failure reported in Dallas. Automated monitoring detected abnormal behavior.,BMC-Remedy,1760479115,In Progress,VideoOps,Central,Dallas,Authentication Failure,"{""notes"": ""Initial triage performed"", ""updated_by"": ""NoiseReducer""}",HUB-A1,NODE-404,NoiseReducer,Signal drop detected,688276,HUB-A1-NODE-404-688276,INC0120,CR66604,Planned power cycle maintenance,1760471915,1760486315,Central
INC0360,Internet Down reported in Salt Lake City. Automated monitoring detected abnormal behavior.,Technician,1760722641,Open,NOC-Level1,West,Salt Lake City,Internet Down,"{""notes"": ""Initial triage performed"", ""updated_by"": ""SignalAnalyzer""}",HUB-B1,NODE-505,SignalAnalyzer,High SNR variance,825135,HUB-B1-NODE-505-825135,INC0231,CR42186,Planned power cycle maintenance,,,West
INC0361,Hub Issue reported in Chicago. Automated monitoring detected abnormal behavior.,Technician,1764983771,Open,NetEng,Central,Chicago,Hub Issue,"{""notes"": ""Initial triage performed"", ""updated_by"": ""SignalAnalyzer""}",HUB-B1,NODE-202,SignalAnalyzer,High SNR variance,599351,HUB-B1-NODE-202-599351,INC0382,CR67016,Backbone congestion mitigation changes,1764976571,1765012571,Central
INC0362,Video Outage reported in Boulder. Automated monitoring detected abnormal behavior.,AutoMonitor,1763054404,In Progress,VideoOps,West,Boulder,Video Outage,"{""notes"": ""Initial triage performed"", ""updated_by"": ""PulseAI""}",HUB-C2,NODE-505,PulseAI,Frequent modem resets observed,216146,HUB-C2-NODE-505-216146,INC0032,CR97252,Planned power cycle maintenance,,,West
INC0363,Hub Issue reported in Chicago. Automated monitoring detected abnormal behavior.,CustomerCare,1755042082,Cancelled,NOC-Level1,Central,Chicago,Hub Issue,"{""notes"": ""Initial triage performed"", ""updated_by"": ""NoiseReducer""}",HUB-A1,NODE-202,NoiseReducer,Optical power low,338973,HUB-A1-NODE-202-338973,INC0460,CR71418,Fiber maintenance activity,,,Central
INC0364,Modem Offline reported in Denver. Automated monitoring detected abnormal behavior.,System,1750967808,Open,FieldOps,West,Denver,Modem Offline,"{""notes"": ""Initial triage performed"", ""updated_by"": ""AutoMonitorX""}",HUB-A1,NODE-505,AutoMonitorX,High SNR variance,104559,HUB-A1-NODE-505-104559,INC0232,CR31212,Optical node recalibration event,,,West
INC0365,Hub Issue reported in New York. Automated monitoring detected abnormal behavior.,CustomerCare,1762878437,Resolved,NOC-Level1,East,New York,Hub Issue,"{""notes"": ""Initial triage performed"", ""updated_by"": ""PulseAI""}",HUB-C2,NODE-404,PulseAI,Video feed disruption,592684,HUB-C2-NODE-404-592684,INC0177,CR81874,Optical node recalibration event,,,East
INC0366,Video Outage reported in Boston. Automated monitoring detected abnormal behavior.,CustomerCare,1758124766,Cancelled,NOC-Level1,East,Boston,Video Outage,"{""notes"": ""Initial triage performed"", ""updated_by"": ""NoiseReducer""}",HUB-B1,NODE-505,NoiseReducer,CMTS upstream channel flap,642083,HUB-B1-NODE-505-642083,INC0340,CR71141,Backbone congestion mitigation changes,1758128366,1758135566,East
INC0367,Packet Loss reported in Dallas. Automated monitoring detected abnormal behavior.,BMC-Remedy,1750545268,In Progress,NetEng,Central,Dallas,Packet Loss,"{""notes"": ""Initial triage performed"", ""updated_by"": ""PulseAI""}",HUB-B1,NODE-101,PulseAI,MAC domain downstream failure,105940,HUB-B1-NODE-101-105940,INC0379,CR23929,Core router reboot for patching,,,Central
INC0368,Modem Offline reported in Philadelphia. Automated monitoring detected abnormal behavior.,System,1760691220,Cancelled,NOC-Level2,East,Philadelphia,Modem Offline,"{""notes"": ""Initial triage performed"", ""updated_by"": ""SignalAnalyzer""}",HUB-D4,NODE-101,SignalAnalyzer,Optical power low,343162,HUB-D4-NODE-101-343162,INC0111,CR31225,Core router reboot for patching,,,East
INC0369,Internet Down reported in Miami. Automated monitoring detected abnormal behavior.,CustomerCare,1764107645,In Progress,NetEng,South,Miami,Internet Down,"{""notes"": ""Initial triage performed"", ""updated_by"": ""SignalAnalyzer""}",HUB-A1,NODE-101,SignalAnalyzer,High SNR variance,523914,HUB-A1-NODE-101-523914,INC0377,CR24276,Fiber maintenance activity,1764125645,1764158045,South
INC0370,Packet Loss reported in Boulder. Automated monitoring detected abnormal behavior.,AutoMonitor,1758435609,Open,NOC-Level1,West,Boulder,Packet Loss,"{""notes"": ""Initial triage performed"", ""updated_by"": ""AlertBot""}",HUB-D4,NODE-202,AlertBot,Frequent modem resets observed,642345,HUB-D4-NODE-202-642345,INC0236,CR60640,Planned power cycle maintenance,,,West
INC0371,Node Down reported in Houston. Automated monitoring detected abnormal behavior.,AutoMonitor,1757445236,Cancelled,NOC-Level2,South,Houston,Node Down,"{""notes"": ""Initial triage performed"", ""updated_by"": ""SignalAnalyzer""}",HUB-D4,NODE-202,SignalAnalyzer,MAC domain downstream failure,601251,HUB-D4-NODE-202-601251,INC0284,CR18579,Backbone congestion mitigation changes,1757434436,1757466836,South
INC0372,Hub Issue reported in New York. Automated monitoring detected abnormal behavior.,System,1759230945,In Progress,VideoOps,East,New York,Hub Issue,"{""notes"": ""Initial triage performed"", ""updated_by"": ""AutoMonitorX""}",HUB-C2,NODE-505,AutoMonitorX,Signal drop detected,916368,HUB-C2-NODE-505-916368,INC0285,CR70761,Planned CMTS software upgrade,1759220145,1759230945,East
INC0373,Fiber Cut reported in Boston. Automated monitoring detected abnormal behavior.,Technician,1756479770,In Progress,NOC-Level1,East,Boston,Fiber Cut,"{""notes"": ""Initial triage performed"", ""updated_by"": ""PulseAI""}",HUB-C2,NODE-404,PulseAI,Signal drop detected,736483,HUB-C2-NODE-404-736483,INC0104,CR71787,Planned CMTS software upgrade,1756490570,1756515770,East
INC0374,CMTS Congestion reported in Denver. Automated monitoring detected abnormal behavior.,AutoMonitor,1759426808,Open,FieldOps,West,Denver,CMTS Congestion,"{""notes"": ""Initial triage performed"", ""updated_by"": ""SignalAnalyzer""}",HUB-D4,NODE-404,SignalAnalyzer,Video feed disruption,312575,HUB-D4-NODE-404-312575,INC0173,CR35404,Optical node recalibration event,1759434008,1759459208,West
INC0375,Packet Loss reported in Houston. Automated monitoring detected abnormal behavior.,CustomerCare,1757650587,Open,FieldOps,South,Houston,Packet Loss,"{""notes"": ""Initial triage performed"", ""updated_by"": ""NoiseReducer""}",HUB-C2,NODE-202,NoiseReducer,Video feed disruption,871698,HUB-C2-NODE-202-871698,INC0141,CR45091,Backbone congestion mitigation changes,1757657787,1757672187,South
INC0376,Packet Loss reported in Philadelphia. Automated monitoring detected abnormal behavior.,CustomerCare,1753843057,Open,NOC-Level2,East,Philadelphia,Packet Loss,"{""notes"": ""Initial triage performed"", ""updated_by"": ""PulseAI""}",HUB-C2,NODE-101,PulseAI,Frequent modem resets observed,306169,HUB-C2-NODE-101-306169,INC0118,CR57409,Scheduled hub clean-up activity,,,East
INC0377,Fiber Cut reported in St. Louis. Automated monitoring detected abnormal behavior.,AutoMonitor,1763045658,Cancelled,NetEng,Central,St. Louis,Fiber Cut,"{""notes"": ""Initial triage performed"", ""updated_by"": ""AlertBot""}",HUB-B1,NODE-404,AlertBot,Signal drop detected,465599,HUB-B1-NODE-404-465599,INC0138,CR65704,Fiber maintenance activity,1763049258,1763056458,Central
INC0378,CMTS Congestion reported in Salt Lake City. Automated monitoring detected abnormal behavior.,AutoMonitor,1751092587,Open,NOC-Level1,West,Salt Lake City,CMTS Congestion,"{""notes"": ""Initial triage performed"", ""updated_by"": ""AlertBot""}",HUB-A1,NODE-303,AlertBot,Video feed disruption,383874,HUB-A1-NODE-303-383874,INC0470,CR53650,Planned power cycle maintenance,,,West
INC0379,Video Outage reported in Miami. Automated monitoring detected abnormal behavior.,AutoMonitor,1760766845,Open,NOC-Level2,South,Miami,Video Outage,"{""notes"": ""Initial triage performed"", ""updated_by"": ""SignalAnalyzer""}",HUB-D4,NODE-505,SignalAnalyzer,Video feed disruption,635915,HUB-D4-NODE-505-635915,INC0488,CR84272,Fiber maintenance activity,,,South
INC0380,Video Outage reported in St. Louis. Automated monitoring detected abnormal behavior.,CustomerCare,1752313973,Open,FieldOps,Central,St. Louis,Video Outage,"{""notes"": ""Initial triage performed"", ""updated_by"": ""PulseAI""}",HUB-B1,NODE-202,PulseAI,Video feed disruption,526554,HUB-B1-NODE-202-526554,INC0453,CR95005,Planned power cycle maintenance,1752303173,1752324773,Central
INC0381,Slow Speed reported in Chicago. Automated monitoring detected abnormal behavior.,AutoMonitor,1758043727,Cancelled,NOC-Level1,Central,Chicago,Slow Speed,"{""notes"": ""Initial triage performed"", ""updated_by"": ""AutoMonitorX""}",HUB-B1,NODE-404,AutoMonitorX,Optical power low,166130,HUB-B1-NODE-404-166130,INC0323,CR83055,Core router reboot for patching,,,Central
INC0382,Internet Down reported in Salt Lake City. Automated monitoring detected abnormal behavior.,CustomerCare,1751246561,Cancelled,NOC-Level2,West,Salt Lake City,Internet Down,"{""notes"": ""Initial triage performed"", ""updated_by"": ""AutoMonitorX""}",HUB-B1,NODE-404,AutoMonitorX,Frequent modem resets observed,922230,HUB-B1-NODE-404-922230,INC0019,CR22221,Core router reboot for patching,,,West
INC0383,Slow Speed reported in Boston. Automated monitoring detected abnormal behavior.,CustomerCare,1755536004,In Progress,VideoOps,East,Boston,Slow Speed,"{""notes"": ""Initial triage performed"", ""updated_by"": ""NoiseReducer""}",HUB-A1,NODE-404,NoiseReducer,MAC domain downstream failure,671469,HUB-A1-NODE-404-671469,INC0249,CR22703,Planned CMTS software upgrade,1755554004,1755564804,East
INC0384,CMTS Congestion reported in Houston. Automated monitoring detected abnormal behavior.,System,1760868096,Open,NetEng,South,Houston,CMTS Congestion,"{""notes"": ""Initial triage performed"", ""updated_by"": ""NoiseReducer""}",HUB-B1,NODE-505,NoiseReducer,High SNR variance,848388,HUB-B1-NODE-505-848388,INC0492,CR54318,Planned CMTS software upgrade,,,South
INC0385,Hub Issue reported in Miami. Automated monitoring detected abnormal behavior.,System,1755276687,Resolved,FieldOps,South,Miami,Hub Issue,"{""notes"": ""Initial triage performed"", ""updated_by"": ""NoiseReducer""}",HUB-D4,NODE-101,NoiseReducer,Video feed disruption,782923,HUB-D4-NODE-101-782923,INC0389,CR56653,Planned CMTS software upgrade,1755298287,1755334287,South
INC0386,Slow Speed reported in Miami. Automated monitoring detected abnormal behavior.,CustomerCare,1763744919,Open,NOC-Level1,South,Miami,Slow Speed,"{""notes"": ""Initial triage performed"", ""updated_by"": ""PulseAI""}",HUB-A1,NODE-101,PulseAI,Signal drop detected,766348,HUB-A1-NODE-101-766348,INC0342,CR70688,Core router reboot for patching,1763759319,1763784519,South
INC0387,Video Outage reported in New York. Automated monitoring detected abnormal behavior.,AutoMonitor,1751914354,Open,NOC-Level2,East,New York,Video Outage,"{""notes"": ""Initial triage performed"", ""updated_by"": ""PulseAI""}",HUB-C2,NODE-101,PulseAI,High SNR variance,356108,HUB-C2-NODE-101-356108,INC0204,CR94257,Planned CMTS software upgrade,1751932354,1751943154,East
INC0388,CMTS Congestion reported in Dallas. Automated monitoring detected abnormal behavior.,AutoMonitor,1752379889,Open,FieldOps,Central,Dallas,CMTS Congestion,"{""notes"": ""Initial triage performed"", ""updated_by"": ""SignalAnalyzer""}",HUB-D4,NODE-404,SignalAnalyzer,Video feed disruption,811841,HUB-D4-NODE-404-811841,INC0444,CR63618,Planned CMTS software upgrade,,,Central
INC0389,Internet Down reported in Miami. Automated monitoring detected abnormal behavior.,Technician,1755401860,In Progress,VideoOps,South,Miami,Internet Down,"{""notes"": ""Initial triage performed"", ""updated_by"": ""NoiseReducer""}",HUB-A1,NODE-404,NoiseReducer,MAC domain downstream failure,930316,HUB-A1-NODE-404-930316,INC0194,CR38128,Planned CMTS software upgrade,1755394660,1755405460,South
INC0390,CMTS Congestion reported in St. Louis. Automated monitoring detected abnormal behavior.,CustomerCare,1758432177,In Progress,NOC-Level2,Central,St. Louis,CMTS Congestion,"{""notes"": ""Initial triage performed"", ""updated_by"": ""AlertBot""}",HUB-D4,NODE-404,AlertBot,MAC domain downstream failure,394180,HUB-D4-NODE-404-394180,INC0310,CR76391,Core router reboot for patching,1758424977,1758439377,Central
INC0391,Modem Offline reported in New York. Automated monitoring detected abnormal behavior.,Technician,1758511946,In Progress,NOC-Level2,East,New York,Modem Offline,"{""notes"": ""Initial triage performed"", ""updated_by"": ""AlertBot""}",HUB-D4,NODE-404,AlertBot,Video feed disruption,299011,HUB-D4-NODE-404-299011,INC0247,CR57901,Core router reboot for patching,,,East
INC0392,Packet Loss reported in New York. Automated monitoring detected abnormal behavior.,Technician,1763493918,Resolved,NOC-Level2,East,New York,Packet Loss,"{""notes"": ""Initial triage performed"", ""updated_by"": ""SignalAnalyzer""}",HUB-B1,NODE-303,SignalAnalyzer,Video feed disruption,963075,HUB-B1-NODE-303-963075,INC0450,CR30802,Backbone congestion mitigation changes,1763486718,1763529918,East
INC0393,Slow Speed reported in Boston. Automated monitoring detected abnormal behavior.,BMC-Remedy,1750690983,Open,NOC-Level1,East,Boston,Slow Speed,"{""notes"": ""Initial triage performed"", ""updated_by"": ""AutoMonitorX""}",HUB-A1,NODE-202,AutoMonitorX,High SNR variance,682528,HUB-A1-NODE-202-682528,INC0172,CR58287,Optical node recalibration event,1750683783,1750719783,East
INC0394,Internet Down reported in New York. Automated monitoring detected abnormal behavior.,AutoMonitor,1750793677,Resolved,FieldOps,East,New York,Internet Down,"{""notes"": ""Initial triage performed"", ""updated_by"": ""AlertBot""}",HUB-B1,NODE-404,AlertBot,CMTS upstream channel flap,381179,HUB-B1-NODE-404-381179,INC0415,CR39832,Planned CMTS software upgrade,1750815277,1750822477,East
INC0395,Authentication Failure reported in Salt Lake City. Automated monitoring detected abnormal behavior.,CustomerCare,1760220523,Cancelled,NOC-Level2,West,Salt Lake City,Authentication Failure,"{""notes"": ""Initial triage performed"", ""updated_by"": ""NoiseReducer""}",HUB-A1,NODE-101,NoiseReducer,Optical power low,546998,HUB-A1-NODE-101-546998,INC0105,CR13788,Planned power cycle maintenance,1760231323,1760260123,West
INC0396,Slow Speed reported in Dallas. Automated monitoring detected abnormal behavior.,System,1757883405,Resolved,NOC-Level1,Central,Dallas,Slow Speed,"{""notes"": ""Initial triage performed"", ""updated_by"": ""PulseAI""}",HUB-A1,NODE-404,PulseAI,Frequent modem resets observed,575709,HUB-A1-NODE-404-575709,INC0322,CR43851,Planned CMTS software upgrade,1757890605,1757919405,Central
INC0397,Video Outage reported in Dallas. Automated monitoring detected abnormal behavior.,BMC-Remedy,1762361263,Cancelled,NOC-Level2,Central,Dallas,Video Outage,"{""notes"": ""Initial triage performed"", ""updated_by"": ""PulseAI""}",HUB-A1,NODE-101,PulseAI,CMTS upstream channel flap,880999,HUB-A1-NODE-101-880999,INC0434,CR29984,Fiber maintenance activity,1762364863,1762400863,Central
INC0398,Authentication Failure reported in Boulder. Automated monitoring detected abnormal behavior.,System,1760610042,Cancelled,FieldOps,West,Boulder,Authentication Failure,"{""notes"": ""Initial triage performed"", ""updated_by"": ""NoiseReducer""}",HUB-B1,NODE-101,NoiseReducer,Frequent modem resets observed,333275,HUB-B1-NODE-101-333275,INC0174,CR19493,Optical node recalibration event,,,West
INC0399,Slow Speed reported in Miami. Automated monitoring detected abnormal behavior.,AutoMonitor,1754846772,Resolved,NOC-Level2,South,Miami,Slow Speed,"{""notes"": ""Initial triage performed"", ""updated_by"": ""NoiseReducer""}",HUB-B1,NODE-202,NoiseReducer,Frequent modem resets observed,663603,HUB-B1-NODE-202-663603,INC0013,CR29957,Core router reboot for patching,,,South
INC0400,Hub Issue reported in Dallas. Automated monitoring detected abnormal behavior.,System,1759828950,Open,VideoOps,Central,Dallas,Hub Issue,"{""notes"": ""Initial triage performed"", ""updated_by"": ""NoiseReducer""}",HUB-B1,NODE-303,NoiseReducer,High SNR variance,636805,HUB-B1-NODE-303-636805,INC0395,CR71072,Optical node recalibration event,1759818150,1759850550,Central
INC0401,CMTS Congestion reported in Denver. Automated monitoring detected abnormal behavior.,Technician,1756539032,In Progress,NOC-Level1,West,Denver,CMTS Congestion,"{""notes"": ""Initial triage performed"", ""updated_by"": ""AlertBot""}",HUB-D4,NODE-505,AlertBot,High SNR variance,553466,HUB-D4-NODE-505-553466,INC0269,CR35069,Optical node recalibration event,,,West
INC0402,Internet Down reported in Houston. Automated monitoring detected abnormal behavior.,BMC-Remedy,1764145959,In Progress,NetEng,South,Houston,Internet Down,"{""notes"": ""Initial triage performed"", ""updated_by"": ""PulseAI""}",HUB-C2,NODE-303,PulseAI,Video feed disruption,368905,HUB-C2-NODE-303-368905,INC0220,CR85871,Planned power cycle maintenance,,,South
INC0403,Node Down reported in Chicago. Automated monitoring detected abnormal behavior.,System,1762688926,In Progress,NetEng,Central,Chicago,Node Down,"{""notes"": ""Initial triage performed"", ""updated_by"": ""AutoMonitorX""}",HUB-D4,NODE-202,AutoMonitorX,CMTS upstream channel flap,693738,HUB-D4-NODE-202-693738,INC0137,CR73080,Scheduled hub clean-up activity,,,Central
INC0404,Hub Issue reported in St. Louis. Automated monitoring detected abnormal behavior.,Technician,1758890080,Cancelled,NOC-Level2,Central,St. Louis,Hub Issue,"{""notes"": ""Initial triage performed"", ""updated_by"": ""SignalAnalyzer""}",HUB-C2,NODE-303,SignalAnalyzer,Signal drop detected,445022,HUB-C2-NODE-303-445022,INC0200,CR99097,Optical node recalibration event,1758882880,1758911680,Central
INC0405,Packet Loss reported in Miami. Automated monitoring detected abnormal behavior.,AutoMonitor,1752961486,In Progress,FieldOps,South,Miami,Packet Loss,"{""notes"": ""Initial triage performed"", ""updated_by"": ""AutoMonitorX""}",HUB-B1,NODE-303,AutoMonitorX,Signal drop detected,577864,HUB-B1-NODE-303-577864,INC0359,CR80916,Backbone congestion mitigation changes,1752983086,1753026286,South
INC0406,Hub Issue reported in Houston. Automated monitoring detected abnormal behavior.,CustomerCare,1757857575,Resolved,NetEng,South,Houston,Hub Issue,"{""notes"": ""Initial triage performed"", ""updated_by"": ""AlertBot""}",HUB-D4,NODE-101,AlertBot,Frequent modem resets observed,640338,HUB-D4-NODE-101-640338,INC0098,CR29919,Planned CMTS software upgrade,1757850375,1757875575,South
INC0407,Slow Speed reported in Denver. Automated monitoring detected abnormal behavior.,Technician,1760679960,Resolved,NOC-Level2,West,Denver,Slow Speed,"{""notes"": ""Initial triage performed"", ""updated_by"": ""NoiseReducer""}",HUB-B1,NODE-505,NoiseReducer,Optical power low,861473,HUB-B1-NODE-505-861473,INC0154,CR49922,Fiber maintenance activity,1760672760,1760708760,West
INC0408,CMTS Congestion reported in Denver. Automated monitoring detected abnormal behavior.,AutoMonitor,1758018634,Cancelled,NOC-Level1,West,Denver,CMTS Congestion,"{""notes"": ""Initial triage performed"", ""updated_by"": ""PulseAI""}",HUB-C2,NODE-101,PulseAI,Signal drop detected,223130,HUB-C2-NODE-101-223130,INC0211,CR70403,Planned power cycle maintenance,1758007834,1758033034,West
INC0409,Slow Speed reported in Philadelphia. Automated monitoring detected abnormal behavior.,Technician,1750368916,Resolved,FieldOps,East,Philadelphia,Slow Speed,"{""notes"": ""Initial triage performed"", ""updated_by"": ""AutoMonitorX""}",HUB-B1,NODE-202,AutoMonitorX,Optical power low,731858,HUB-B1-NODE-202-731858,INC0028,CR17289,Core router reboot for patching,1750361716,1750368916,East
INC0410,Internet Down reported in Miami. Automated monitoring detected abnormal behavior.,AutoMonitor,1757867037,Open,NOC-Level2,South,Miami,Internet Down,"{""notes"": ""Initial triage performed"", ""updated_by"": ""SignalAnalyzer""}",HUB-B1,NODE-303,SignalAnalyzer,Frequent modem resets observed,360287,HUB-B1-NODE-303-360287,INC0117,CR96760,Optical node recalibration event,,,South
INC0411,Node Down reported in Denver. Automated monitoring detected abnormal behavior.,Technician,1763157849,Resolved,NOC-Level2,West,Denver,Node Down,"{""notes"": ""Initial triage performed"", ""updated_by"": ""PulseAI""}",HUB-A1,NODE-404,PulseAI,Frequent modem resets observed,530487,HUB-A1-NODE-404-530487,INC0287,CR89557,Optical node recalibration event,1763147049,1763168649,West
INC0412,Hub Issue reported in Boston. Automated monitoring detected abnormal behavior.,CustomerCare,1757515068,Resolved,VideoOps,East,Boston,Hub Issue,"{""notes"": ""Initial triage performed"", ""updated_by"": ""NoiseReducer""}",HUB-C2,NODE-404,NoiseReducer,Video feed disruption,485090,HUB-C2-NODE-404-485090,INC0293,CR42777,Planned CMTS software upgrade,1757529468,1757554668,East
INC0413,Packet Loss reported in New York. Automated monitoring detected abnormal behavior.,AutoMonitor,1750969690,Cancelled,VideoOps,East,New York,Packet Loss,"{""notes"": ""Initial triage performed"", ""updated_by"": ""NoiseReducer""}",HUB-C2,NODE-202,NoiseReducer,CMTS upstream channel flap,355418,HUB-C2-NODE-202-355418,INC0481,CR70695,Optical node recalibration event,,,East
INC0414,Slow Speed reported in Philadelphia. Automated monitoring detected abnormal behavior.,Technician,1760315356,Resolved,FieldOps,East,Philadelphia,Slow Speed,"{""notes"": ""Initial triage performed"", ""updated_by"": ""AlertBot""}",HUB-A1,NODE-101,AlertBot,CMTS upstream channel flap,933558,HUB-A1-NODE-101-933558,INC0328,CR96672,Planned CMTS software upgrade,1760308156,1760322556,East
INC0415,Slow Speed reported in Boulder. Automated monitoring detected abnormal behavior.,BMC-Remedy,1752355627,Resolved,NOC-Level1,West,Boulder,Slow Speed,"{""notes"": ""Initial triage performed"", ""updated_by"": ""AlertBot""}",HUB-A1,NODE-505,AlertBot,Frequent modem resets observed,388306,HUB-A1-NODE-505-388306,INC0063,CR68952,Optical node recalibration event,1752348427,1752388027,West
INC0416,Video Outage reported in Miami. Automated monitoring detected abnormal behavior.,Technician,1750302216,Resolved,FieldOps,South,Miami,Video Outage,"{""notes"": ""Initial triage performed"", ""updated_by"": ""SignalAnalyzer""}",HUB-C2,NODE-404,SignalAnalyzer,Frequent modem resets observed,133639,HUB-C2-NODE-404-133639,INC0457,CR20130,Fiber maintenance activity,1750305816,1750334616,South
INC0417,Video Outage reported in Chicago. Automated monitoring detected abnormal behavior.,CustomerCare,1759855926,In Progress,NetEng,Central,Chicago,Video Outage,"{""notes"": ""Initial triage performed"", ""updated_by"": ""NoiseReducer""}",HUB-B1,NODE-202,NoiseReducer,Optical power low,212636,HUB-B1-NODE-202-212636,INC0346,CR32273,Planned CMTS software upgrade,1759845126,1759877526,Central
INC0418,Node Down reported in Chicago. Automated monitoring detected abnormal behavior.,CustomerCare,1754509659,Cancelled,FieldOps,Central,Chicago,Node Down,"{""notes"": ""Initial triage performed"", ""updated_by"": ""AlertBot""}",HUB-A1,NODE-303,AlertBot,Frequent modem resets observed,788931,HUB-A1-NODE-303-788931,INC0427,CR42466,Optical node recalibration event,,,Central
INC0419,Authentication Failure reported in Boston. Automated monitoring detected abnormal behavior.,Technician,1759026402,In Progress,VideoOps,East,Boston,Authentication Failure,"{""notes"": ""Initial triage performed"", ""updated_by"": ""NoiseReducer""}",HUB-D4,NODE-404,NoiseReducer,MAC domain downstream failure,788599,HUB-D4-NODE-404-788599,INC0227,CR50292,Backbone congestion mitigation changes,1759037202,1759058802,East
INC0420,Hub Issue reported in Miami. Automated monitoring detected abnormal behavior.,AutoMonitor,1761547670,Open,VideoOps,South,Miami,Hub Issue,"{""notes"": ""Initial triage performed"", ""updated_by"": ""AutoMonitorX""}",HUB-A1,NODE-505,AutoMonitorX,CMTS upstream channel flap,904402,HUB-A1-NODE-505-904402,INC0077,CR78317,Planned power cycle maintenance,1761558470,1761583670,South
INC0421,Hub Issue reported in Boulder. Automated monitoring detected abnormal behavior.,System,1764747880,In Progress,VideoOps,West,Boulder,Hub Issue,"{""notes"": ""Initial triage performed"", ""updated_by"": ""SignalAnalyzer""}",HUB-D4,NODE-202,SignalAnalyzer,Optical power low,785304,HUB-D4-NODE-202-785304,INC0284,CR20191,Scheduled hub clean-up activity,1764769480,1764783880,West
INC0422,CMTS Congestion reported in Boulder. Automated monitoring detected abnormal behavior.,CustomerCare,1758853205,Open,FieldOps,West,Boulder,CMTS Congestion,"{""notes"": ""Initial triage performed"", ""updated_by"": ""SignalAnalyzer""}",HUB-C2,NODE-303,SignalAnalyzer,High SNR variance,905633,HUB-C2-NODE-303-905633,INC0157,CR32608,Core router reboot for patching,1758860405,1758871205,West
INC0423,Hub Issue reported in Boulder. Automated monitoring detected abnormal behavior.,AutoMonitor,1762655667,Cancelled,NetEng,West,Boulder,Hub Issue,"{""notes"": ""Initial triage performed"", ""updated_by"": ""AutoMonitorX""}",HUB-D4,NODE-505,AutoMonitorX,CMTS upstream channel flap,598126,HUB-D4-NODE-505-598126,INC0316,CR30829,Scheduled hub clean-up activity,,,West
INC0424,Node Down reported in Atlanta. Automated monitoring detected abnormal behavior.,AutoMonitor,1753512925,Resolved,FieldOps,South,Atlanta,Node Down,"{""notes"": ""Initial triage performed"", ""updated_by"": ""AutoMonitorX""}",HUB-C2,NODE-505,AutoMonitorX,MAC domain downstream failure,404730,HUB-C2-NODE-505-404730,INC0010,CR64111,Backbone congestion mitigation changes,1753505725,1753541725,South
INC0425,CMTS Congestion reported in Chicago. Automated monitoring detected abnormal behavior.,BMC-Remedy,1754177366,Resolved,NOC-Level2,Central,Chicago,CMTS Congestion,"{""notes"": ""Initial triage performed"", ""updated_by"": ""SignalAnalyzer""}",HUB-B1,NODE-404,SignalAnalyzer,Optical power low,116009,HUB-B1-NODE-404-116009,INC0448,CR15765,Planned CMTS software upgrade,,,Central
INC0426,Hub Issue reported in Denver. Automated monitoring detected abnormal behavior.,System,1763542563,Open,VideoOps,West,Denver,Hub Issue,"{""notes"": ""Initial triage performed"", ""updated_by"": ""SignalAnalyzer""}",HUB-C2,NODE-202,SignalAnalyzer,Frequent modem resets observed,411320,HUB-C2-NODE-202-411320,INC0043,CR27902,Core router reboot for patching,1763531763,1763560563,West
INC0427,CMTS Congestion reported in St. Louis. Automated monitoring detected abnormal behavior.,CustomerCare,1750208188,In Progress,NOC-Level2,Central,St. Louis,CMTS Congestion,"{""notes"": ""Initial triage performed"", ""updated_by"": ""AutoMonitorX""}",HUB-C2,NODE-202,AutoMonitorX,Frequent modem resets observed,623225,HUB-C2-NODE-202-623225,INC0393,CR79019,Scheduled hub clean-up activity,,,Central
INC0428,Hub Issue reported in St. Louis. Automated monitoring detected abnormal behavior.,CustomerCare,1755400238,Open,FieldOps,Central,St. Louis,Hub Issue,"{""notes"": ""Initial triage performed"", ""updated_by"": ""PulseAI""}",HUB-B1,NODE-505,PulseAI,Signal drop detected,284735,HUB-B1-NODE-505-284735,INC0385,CR10358,Backbone congestion mitigation changes,1755389438,1755429038,Central
INC0429,Video Outage reported in Chicago. Automated monitoring detected abnormal behavior.,Technician,1750280725,Resolved,VideoOps,Central,Chicago,Video Outage,"{""notes"": ""Initial triage performed"", ""updated_by"": ""SignalAnalyzer""}",HUB-A1,NODE-404,SignalAnalyzer,Signal drop detected,363070,HUB-A1-NODE-404-363070,INC0082,CR50986,Scheduled hub clean-up activity,1750273525,1750277125,Central
INC0430,Slow Speed reported in Atlanta. Automated monitoring detected abnormal behavior.,System,1750595174,In Progress,NetEng,South,Atlanta,Slow Speed,"{""notes"": ""Initial triage performed"", ""updated_by"": ""NoiseReducer""}",HUB-D4,NODE-303,NoiseReducer,MAC domain downstream failure,308312,HUB-D4-NODE-303-308312,INC0196,CR14224,Fiber maintenance activity,1750587974,1750591574,South
INC0431,Packet Loss reported in Denver. Automated monitoring detected abnormal behavior.,System,1765620630,Resolved,NOC-Level1,West,Denver,Packet Loss,"{""notes"": ""Initial triage performed"", ""updated_by"": ""AlertBot""}",HUB-C2,NODE-303,AlertBot,MAC domain downstream failure,659808,HUB-C2-NODE-303-659808,INC0016,CR20294,Backbone congestion mitigation changes,1765609830,1765627830,West
INC0432,Video Outage reported in Dallas. Automated monitoring detected abnormal behavior.,BMC-Remedy,1759460531,Cancelled,NOC-Level1,Central,Dallas,Video Outage,"{""notes"": ""Initial triage performed"", ""updated_by"": ""PulseAI""}",HUB-A1,NODE-505,PulseAI,Video feed disruption,616628,HUB-A1-NODE-505-616628,INC0332,CR65149,Scheduled hub clean-up activity,1759467731,1759478531,Central
INC0433,Slow Speed reported in Denver. Automated monitoring detected abnormal behavior.,System,1764961925,Open,FieldOps,West,Denver,Slow Speed,"{""notes"": ""Initial triage performed"", ""updated_by"": ""SignalAnalyzer""}",HUB-C2,NODE-404,SignalAnalyzer,Frequent modem resets observed,640590,HUB-C2-NODE-404-640590,INC0132,CR71375,Planned CMTS software upgrade,1764969125,1765012325,West
INC0434,Packet Loss reported in Denver. Automated monitoring detected abnormal behavior.,BMC-Remedy,1759144173,Cancelled,NOC-Level1,West,Denver,Packet Loss,"{""notes"": ""Initial triage performed"", ""updated_by"": ""PulseAI""}",HUB-D4,NODE-101,PulseAI,Video feed disruption,811907,HUB-D4-NODE-101-811907,INC0186,CR89871,Optical node recalibration event,1759133373,1759154973,West
INC0435,Modem Offline reported in Miami. Automated monitoring detected abnormal behavior.,Technician,1750793171,In Progress,VideoOps,South,Miami,Modem Offline,"{""notes"": ""Initial triage performed"", ""updated_by"": ""NoiseReducer""}",HUB-D4,NODE-202,NoiseReducer,MAC domain downstream failure,327647,HUB-D4-NODE-202-327647,INC0471,CR62577,Planned CMTS software upgrade,1750807571,1750811171,South
INC0436,Modem Offline reported in New York. Automated monitoring detected abnormal behavior.,System,1762179836,Resolved,NOC-Level2,East,New York,Modem Offline,"{""notes"": ""Initial triage performed"", ""updated_by"": ""SignalAnalyzer""}",HUB-D4,NODE-505,SignalAnalyzer,Video feed disruption,802896,HUB-D4-NODE-505-802896,INC0424,CR99081,Fiber maintenance activity,,,East
INC0437,Modem Offline reported in New York. Automated monitoring detected abnormal behavior.,AutoMonitor,1763761635,Cancelled,FieldOps,East,New York,Modem Offline,"{""notes"": ""Initial triage performed"", ""updated_by"": ""SignalAnalyzer""}",HUB-B1,NODE-202,SignalAnalyzer,Signal drop detected,407893,HUB-B1-NODE-202-407893,INC0289,CR11833,Optical node recalibration event,,,East
INC0438,Video Outage reported in Dallas. Automated monitoring detected abnormal behavior.,CustomerCare,1760841279,In Progress,NOC-Level2,Central,Dallas,Video Outage,"{""notes"": ""Initial triage performed"", ""updated_by"": ""SignalAnalyzer""}",HUB-C2,NODE-101,SignalAnalyzer,Optical power low,559922,HUB-C2-NODE-101-559922,INC0140,CR38858,Core router reboot for patching,,,Central
INC0439,Internet Down reported in St. Louis. Automated monitoring detected abnormal behavior.,CustomerCare,1753704733,In Progress,VideoOps,Central,St. Louis,Internet Down,"{""notes"": ""Initial triage performed"", ""updated_by"": ""SignalAnalyzer""}",HUB-D4,NODE-505,SignalAnalyzer,CMTS upstream channel flap,584418,HUB-D4-NODE-505-584418,INC0159,CR87273,Optical node recalibration event,1753693933,1753722733,Central
INC0440,Authentication Failure reported in Boston. Automated monitoring detected abnormal behavior.,CustomerCare,1759526276,Open,FieldOps,East,Boston,Authentication Failure,"{""notes"": ""Initial triage performed"", ""updated_by"": ""NoiseReducer""}",HUB-D4,NODE-404,NoiseReducer,MAC domain downstream failure,571171,HUB-D4-NODE-404-571171,INC0337,CR51121,Backbone congestion mitigation changes,1759547876,1759558676,East
INC0441,Fiber Cut reported in Miami. Automated monitoring detected abnormal behavior.,AutoMonitor,1755753836,In Progress,NetEng,South,Miami,Fiber Cut,"{""notes"": ""Initial triage performed"", ""updated_by"": ""AlertBot""}",HUB-A1,NODE-505,AlertBot,Video feed disruption,904338,HUB-A1-NODE-505-904338,INC0046,CR21844,Planned CMTS software upgrade,1755757436,1755797036,South
INC0442,Video Outage reported in St. Louis. Automated monitoring detected abnormal behavior.,Technician,1751122745,Open,VideoOps,Central,St. Louis,Video Outage,"{""notes"": ""Initial triage performed"", ""updated_by"": ""PulseAI""}",HUB-B1,NODE-202,PulseAI,Video feed disruption,967508,HUB-B1-NODE-202-967508,INC0355,CR99158,Fiber maintenance activity,,,Central
INC0443,Node Down reported in Miami. Automated monitoring detected abnormal behavior.,System,1753696512,Cancelled,NOC-Level1,South,Miami,Node Down,"{""notes"": ""Initial triage performed"", ""updated_by"": ""AlertBot""}",HUB-C2,NODE-303,AlertBot,Frequent modem resets observed,974813,HUB-C2-NODE-303-974813,INC0479,CR61694,Fiber maintenance activity,,,South
INC0444,Node Down reported in Philadelphia. Automated monitoring detected abnormal behavior.,BMC-Remedy,1751831110,Cancelled,NOC-Level2,East,Philadelphia,Node Down,"{""notes"": ""Initial triage performed"", ""updated_by"": ""PulseAI""}",HUB-A1,NODE-101,PulseAI,Signal drop detected,467214,HUB-A1-NODE-101-467214,INC0223,CR19443,Backbone congestion mitigation changes,1751823910,1751841910,East
INC0445,Video Outage reported in Salt Lake City. Automated monitoring detected abnormal behavior.,Technician,1764997022,In Progress,NOC-Level1,West,Salt Lake City,Video Outage,"{""notes"": ""Initial triage performed"", ""updated_by"": ""AlertBot""}",HUB-B1,NODE-404,AlertBot,High SNR variance,487516,HUB-B1-NODE-404-487516,INC0271,CR67057,Optical node recalibration event,1765015022,1765051022,West
INC0446,Modem Offline reported in Dallas. Automated monitoring detected abnormal behavior.,BMC-Remedy,1758552201,Resolved,NOC-Level1,Central,Dallas,Modem Offline,"{""notes"": ""Initial triage performed"", ""updated_by"": ""SignalAnalyzer""}",HUB-C2,NODE-404,SignalAnalyzer,MAC domain downstream failure,725716,HUB-C2-NODE-404-725716,INC0452,CR85260,Planned CMTS software upgrade,1758559401,1758588201,Central
INC0447,Slow Speed reported in New York. Automated monitoring detected abnormal behavior.,CustomerCare,1754249897,In Progress,VideoOps,East,New York,Slow Speed,"{""notes"": ""Initial triage performed"", ""updated_by"": ""AlertBot""}",HUB-A1,NODE-404,AlertBot,MAC domain downstream failure,152839,HUB-A1-NODE-404-152839,INC0082,CR89697,Planned power cycle maintenance,1754267897,1754271497,East
INC0448,CMTS Congestion reported in Dallas. Automated monitoring detected abnormal behavior.,System,1756052483,Open,NOC-Level1,Central,Dallas,CMTS Congestion,"{""notes"": ""Initial triage performed"", ""updated_by"": ""AutoMonitorX""}",HUB-A1,NODE-202,AutoMonitorX,Video feed disruption,738164,HUB-A1-NODE-202-738164,INC0439,CR76492,Core router reboot for patching,1756041683,1756074083,Central
INC0449,CMTS Congestion reported in Dallas. Automated monitoring detected abnormal behavior.,Technician,1757904944,Open,NOC-Level2,Central,Dallas,CMTS Congestion,"{""notes"": ""Initial triage performed"", ""updated_by"": ""SignalAnalyzer""}",HUB-C2,NODE-202,SignalAnalyzer,CMTS upstream channel flap,166322,HUB-C2-NODE-202-166322,INC0393,CR63043,Core router reboot for patching,1757915744,1757958944,Central
INC0450,Node Down reported in Chicago. Automated monitoring detected abnormal behavior.,Technician,1757925746,In Progress,NOC-Level1,Central,Chicago,Node Down,"{""notes"": ""Initial triage performed"", ""updated_by"": ""NoiseReducer""}",HUB-D4,NODE-101,NoiseReducer,Video feed disruption,657991,HUB-D4-NODE-101-657991,INC0200,CR95136,Backbone congestion mitigation changes,,,Central
INC0451,Packet Loss reported in Philadelphia. Automated monitoring detected abnormal behavior.,CustomerCare,1756721147,Resolved,NOC-Level1,East,Philadelphia,Packet Loss,"{""notes"": ""Initial triage performed"", ""updated_by"": ""PulseAI""}",HUB-B1,NODE-303,PulseAI,Optical power low,113354,HUB-B1-NODE-303-113354,INC0294,CR62301,Core router reboot for patching,1756742747,1756778747,East
INC0452,Packet Loss reported in Dallas. Automated monitoring detected abnormal behavior.,Technician,1757227063,Cancelled,NOC-Level2,Central,Dallas,Packet Loss,"{""notes"": ""Initial triage performed"", ""updated_by"": ""PulseAI""}",HUB-A1,NODE-404,PulseAI,CMTS upstream channel flap,999755,HUB-A1-NODE-404-999755,INC0165,CR67663,Planned CMTS software upgrade,,,Central
INC0453,Node Down reported in New York. Automated monitoring detected abnormal behavior.,AutoMonitor,1754497955,Resolved,VideoOps,East,New York,Node Down,"{""notes"": ""Initial triage performed"", ""updated_by"": ""AutoMonitorX""}",HUB-C2,NODE-101,AutoMonitorX,High SNR variance,878833,HUB-C2-NODE-101-878833,INC0387,CR86994,Optical node recalibration event,1754487155,1754515955,East
INC0454,Internet Down reported in New York. Automated monitoring detected abnormal behavior.,AutoMonitor,1755207198,Resolved,NOC-Level1,East,New York,Internet Down,"{""notes"": ""Initial triage performed"", ""updated_by"": ""NoiseReducer""}",HUB-A1,NODE-202,NoiseReducer,High SNR variance,409731,HUB-A1-NODE-202-409731,INC0473,CR75674,Planned power cycle maintenance,,,East
INC0455,Node Down reported in Chicago. Automated monitoring detected abnormal behavior.,CustomerCare,1752883510,In Progress,NetEng,Central,Chicago,Node Down,"{""notes"": ""Initial triage performed"", ""updated_by"": ""AlertBot""}",HUB-A1,NODE-202,AlertBot,Optical power low,609362,HUB-A1-NODE-202-609362,INC0076,CR78868,Planned power cycle maintenance,1752887110,1752919510,Central
INC0456,Hub Issue reported in Chicago. Automated monitoring detected abnormal behavior.,Technician,1758687531,Open,NOC-Level2,Central,Chicago,Hub Issue,"{""notes"": ""Initial triage performed"", ""updated_by"": ""AutoMonitorX""}",HUB-D4,NODE-101,AutoMonitorX,High SNR variance,105477,HUB-D4-NODE-101-105477,INC0176,CR93690,Planned CMTS software upgrade,1758676731,1758687531,Central
INC0457,Node Down reported in Houston. Automated monitoring detected abnormal behavior.,Technician,1752641581,Cancelled,VideoOps,South,Houston,Node Down,"{""notes"": ""Initial triage performed"", ""updated_by"": ""SignalAnalyzer""}",HUB-A1,NODE-202,SignalAnalyzer,Video feed disruption,818325,HUB-A1-NODE-202-818325,INC0043,CR85109,Scheduled hub clean-up activity,,,South
INC0458,Internet Down reported in St. Louis. Automated monitoring detected abnormal behavior.,BMC-Remedy,1752657886,Open,FieldOps,Central,St. Louis,Internet Down,"{""notes"": ""Initial triage performed"", ""updated_by"": ""SignalAnalyzer""}",HUB-A1,NODE-404,SignalAnalyzer,Frequent modem resets observed,841938,HUB-A1-NODE-404-841938,INC0082,CR69806,Fiber maintenance activity,1752647086,1752650686,Central
INC0459,Modem Offline reported in Boston. Automated monitoring detected abnormal behavior.,AutoMonitor,1760504512,Cancelled,NOC-Level2,East,Boston,Modem Offline,"{""notes"": ""Initial triage performed"", ""updated_by"": ""NoiseReducer""}",HUB-D4,NODE-404,NoiseReducer,Video feed disruption,946049,HUB-D4-NODE-404-946049,INC0233,CR58809,Core router reboot for patching,1760508112,1760526112,East
INC0460,Hub Issue reported in St. Louis. Automated monitoring detected abnormal behavior.,Technician,1762694169,Resolved,NOC-Level1,Central,St. Louis,Hub Issue,"{""notes"": ""Initial triage performed"", ""updated_by"": ""AutoMonitorX""}",HUB-A1,NODE-505,AutoMonitorX,Frequent modem resets observed,248048,HUB-A1-NODE-505-248048,INC0385,CR12945,Fiber maintenance activity,1762683369,1762701369,Central
INC0461,Internet Down reported in New York. Automated monitoring detected abnormal behavior.,BMC-Remedy,1761311061,Cancelled,NetEng,East,New York,Internet Down,"{""notes"": ""Initial triage performed"", ""updated_by"": ""AlertBot""}",HUB-A1,NODE-404,AlertBot,Signal drop detected,568195,HUB-A1-NODE-404-568195,INC0008,CR66705,Core router reboot for patching,1761300261,1761329061,East
INC0462,CMTS Congestion reported in New York. Automated monitoring detected abnormal behavior.,Technician,1759533154,In Progress,FieldOps,East,New York,CMTS Congestion,"{""notes"": ""Initial triage performed"", ""updated_by"": ""AutoMonitorX""}",HUB-B1,NODE-303,AutoMonitorX,Frequent modem resets observed,510880,HUB-B1-NODE-303-510880,INC0092,CR14384,Scheduled hub clean-up activity,1759554754,1759561954,East
INC0463,Video Outage reported in Salt Lake City. Automated monitoring detected abnormal behavior.,BMC-Remedy,1750129392,Resolved,NetEng,West,Salt Lake City,Video Outage,"{""notes"": ""Initial triage performed"", ""updated_by"": ""SignalAnalyzer""}",HUB-C2,NODE-202,SignalAnalyzer,Video feed disruption,566344,HUB-C2-NODE-202-566344,INC0457,CR51982,Backbone congestion mitigation changes,,,West
INC0464,Hub Issue reported in Dallas. Automated monitoring detected abnormal behavior.,CustomerCare,1762668249,Cancelled,NetEng,Central,Dallas,Hub Issue,"{""notes"": ""Initial triage performed"", ""updated_by"": ""PulseAI""}",HUB-A1,NODE-202,PulseAI,Optical power low,622923,HUB-A1-NODE-202-622923,INC0214,CR73323,Fiber maintenance activity,1762661049,1762679049,Central
INC0465,Modem Offline reported in Boston. Automated monitoring detected abnormal behavior.,System,1761960466,In Progress,NOC-Level1,East,Boston,Modem Offline,"{""notes"": ""Initial triage performed"", ""updated_by"": ""SignalAnalyzer""}",HUB-A1,NODE-303,SignalAnalyzer,High SNR variance,659458,HUB-A1-NODE-303-659458,INC0135,CR59868,Fiber maintenance activity,,,East
INC0466,Video Outage reported in Philadelphia. Automated monitoring detected abnormal behavior.,BMC-Remedy,1763507314,Resolved,NOC-Level2,East,Philadelphia,Video Outage,"{""notes"": ""Initial triage performed"", ""updated_by"": ""AutoMonitorX""}",HUB-C2,NODE-101,AutoMonitorX,Frequent modem resets observed,180935,HUB-C2-NODE-101-180935,INC0340,CR82439,Planned power cycle maintenance,,,East
INC0467,Internet Down reported in New York. Automated monitoring detected abnormal behavior.,System,1757972123,Resolved,FieldOps,East,New York,Internet Down,"{""notes"": ""Initial triage performed"", ""updated_by"": ""AlertBot""}",HUB-D4,NODE-505,AlertBot,Video feed disruption,501481,HUB-D4-NODE-505-501481,INC0408,CR58270,Planned CMTS software upgrade,,,East
INC0468,CMTS Congestion reported in New York. Automated monitoring detected abnormal behavior.,Technician,1758474129,Cancelled,FieldOps,East,New York,CMTS Congestion,"{""notes"": ""Initial triage performed"", ""updated_by"": ""AlertBot""}",HUB-A1,NODE-303,AlertBot,CMTS upstream channel flap,329910,HUB-A1-NODE-303-329910,INC0376,CR59086,Optical node recalibration event,1758466929,1758474129,East
INC0469,Internet Down reported in Denver. Automated monitoring detected abnormal behavior.,CustomerCare,1754073702,Open,NOC-Level1,West,Denver,Internet Down,"{""notes"": ""Initial triage performed"", ""updated_by"": ""NoiseReducer""}",HUB-B1,NODE-101,NoiseReducer,High SNR variance,103092,HUB-B1-NODE-101-103092,INC0482,CR38159,Core router reboot for patching,1754091702,1754098902,West
INC0470,Authentication Failure reported in Chicago. Automated monitoring detected abnormal behavior.,AutoMonitor,1761262496,Open,NOC-Level2,Central,Chicago,Authentication Failure,"{""notes"": ""Initial triage performed"", ""updated_by"": ""SignalAnalyzer""}",HUB-C2,NODE-101,SignalAnalyzer,CMTS upstream channel flap,897568,HUB-C2-NODE-101-897568,INC0375,CR55943,Optical node recalibration event,,,Central
INC0471,Authentication Failure reported in Miami. Automated monitoring detected abnormal behavior.,CustomerCare,1761075902,Open,NOC-Level1,South,Miami,Authentication Failure,"{""notes"": ""Initial triage performed"", ""updated_by"": ""NoiseReducer""}",HUB-C2,NODE-101,NoiseReducer,Video feed disruption,650020,HUB-C2-NODE-101-650020,INC0063,CR50192,Fiber maintenance activity,1761068702,1761083102,South
INC0472,CMTS Congestion reported in St. Louis. Automated monitoring detected abnormal behavior.,AutoMonitor,1753443519,Open,NOC-Level2,Central,St. Louis,CMTS Congestion,"{""notes"": ""Initial triage performed"", ""updated_by"": ""AlertBot""}",HUB-C2,NODE-202,AlertBot,MAC domain downstream failure,173283,HUB-C2-NODE-202-173283,INC0250,CR30098,Backbone congestion mitigation changes,1753432719,1753457919,Central
INC0473,Modem Offline reported in Chicago. Automated monitoring detected abnormal behavior.,CustomerCare,1757777331,In Progress,NOC-Level1,Central,Chicago,Modem Offline,"{""notes"": ""Initial triage performed"", ""updated_by"": ""AutoMonitorX""}",HUB-C2,NODE-404,AutoMonitorX,Frequent modem resets observed,970831,HUB-C2-NODE-404-970831,INC0496,CR25836,Planned CMTS software upgrade,,,Central
INC0474,Packet Loss reported in Denver. Automated monitoring detected abnormal behavior.,System,1755519290,Cancelled,NOC-Level1,West,Denver,Packet Loss,"{""notes"": ""Initial triage performed"", ""updated_by"": ""PulseAI""}",HUB-C2,NODE-303,PulseAI,MAC domain downstream failure,225646,HUB-C2-NODE-303-225646,INC0117,CR37274,Planned CMTS software upgrade,1755533690,1755562490,West
INC0475,Packet Loss reported in Denver. Automated monitoring detected abnormal behavior.,System,1754093071,Cancelled,NOC-Level2,West,Denver,Packet Loss,"{""notes"": ""Initial triage performed"", ""updated_by"": ""NoiseReducer""}",HUB-B1,NODE-101,NoiseReducer,Signal drop detected,257642,HUB-B1-NODE-101-257642,INC0312,CR33051,Fiber maintenance activity,,,West
INC0476,Node Down reported in New York. Automated monitoring detected abnormal behavior.,Technician,1756579223,Open,NOC-Level1,East,New York,Node Down,"{""notes"": ""Initial triage performed"", ""updated_by"": ""SignalAnalyzer""}",HUB-B1,NODE-101,SignalAnalyzer,Video feed disruption,788398,HUB-B1-NODE-101-788398,INC0089,CR62649,Fiber maintenance activity,,,East
INC0477,Node Down reported in Chicago. Automated monitoring detected abnormal behavior.,AutoMonitor,1760121285,Resolved,NetEng,Central,Chicago,Node Down,"{""notes"": ""Initial triage performed"", ""updated_by"": ""AutoMonitorX""}",HUB-B1,NODE-404,AutoMonitorX,Video feed disruption,987890,HUB-B1-NODE-404-987890,INC0430,CR56492,Fiber maintenance activity,1760142885,1760178885,Central
INC0478,Fiber Cut reported in Denver. Automated monitoring detected abnormal behavior.,CustomerCare,1752695546,Open,NOC-Level1,West,Denver,Fiber Cut,"{""notes"": ""Initial triage performed"", ""updated_by"": ""AlertBot""}",HUB-D4,NODE-505,AlertBot,Frequent modem resets observed,488692,HUB-D4-NODE-505-488692,INC0382,CR88223,Core router reboot for patching,1752684746,1752717146,West
INC0479,Authentication Failure reported in Denver. Automated monitoring detected abnormal behavior.,System,1754957037,In Progress,NetEng,West,Denver,Authentication Failure,"{""notes"": ""Initial triage performed"", ""updated_by"": ""SignalAnalyzer""}",HUB-D4,NODE-101,SignalAnalyzer,CMTS upstream channel flap,864048,HUB-D4-NODE-101-864048,INC0461,CR19570,Planned CMTS software upgrade,1754978637,1755003837,West
INC0480,Hub Issue reported in Denver. Automated monitoring detected abnormal behavior.,System,1757062690,Resolved,NOC-Level1,West,Denver,Hub Issue,"{""notes"": ""Initial triage performed"", ""updated_by"": ""PulseAI""}",HUB-A1,NODE-101,PulseAI,Video feed disruption,273001,HUB-A1-NODE-101-273001,INC0292,CR80230,Backbone congestion mitigation changes,1757077090,1757087890,West
INC0481,Hub Issue reported in Chicago. Automated monitoring detected abnormal behavior.,BMC-Remedy,1761192274,Resolved,VideoOps,Central,Chicago,Hub Issue,"{""notes"": ""Initial triage performed"", ""updated_by"": ""SignalAnalyzer""}",HUB-A1,NODE-404,SignalAnalyzer,Frequent modem resets observed,330621,HUB-A1-NODE-404-330621,INC0145,CR17837,Planned CMTS software upgrade,,,Central
INC0482,Packet Loss reported in New York. Automated monitoring detected abnormal behavior.,CustomerCare,1757749266,Resolved,NOC-Level1,East,New York,Packet Loss,"{""notes"": ""Initial triage performed"", ""updated_by"": ""SignalAnalyzer""}",HUB-B1,NODE-505,SignalAnalyzer,Signal drop detected,671855,HUB-B1-NODE-505-671855,INC0357,CR92449,Optical node recalibration event,1757760066,1757796066,East
INC0483,Packet Loss reported in New York. Automated monitoring detected abnormal behavior.,System,1758371039,Resolved,VideoOps,East,New York,Packet Loss,"{""notes"": ""Initial triage performed"", ""updated_by"": ""AutoMonitorX""}",HUB-C2,NODE-404,AutoMonitorX,High SNR variance,320637,HUB-C2-NODE-404-320637,INC0159,CR97519,Scheduled hub clean-up activity,1758385439,1758407039,East
INC0484,Packet Loss reported in New York. Automated monitoring detected abnormal behavior.,AutoMonitor,1753397707,Cancelled,NOC-Level2,East,New York,Packet Loss,"{""notes"": ""Initial triage performed"", ""updated_by"": ""AlertBot""}",HUB-D4,NODE-303,AlertBot,High SNR variance,245677,HUB-D4-NODE-303-245677,INC0018,CR11944,Backbone congestion mitigation changes,,,East
INC0485,CMTS Congestion reported in Miami. Automated monitoring detected abnormal behavior.,System,1764625604,In Progress,FieldOps,South,Miami,CMTS Congestion,"{""notes"": ""Initial triage performed"", ""updated_by"": ""AlertBot""}",HUB-A1,NODE-101,AlertBot,High SNR variance,188716,HUB-A1-NODE-101-188716,INC0493,CR87930,Planned power cycle maintenance,1764614804,1764629204,South
INC0486,Slow Speed reported in Boston. Automated monitoring detected abnormal behavior.,Technician,1751023557,In Progress,NetEng,East,Boston,Slow Speed,"{""notes"": ""Initial triage performed"", ""updated_by"": ""SignalAnalyzer""}",HUB-B1,NODE-505,SignalAnalyzer,Signal drop detected,790983,HUB-B1-NODE-505-790983,INC0269,CR73913,Backbone congestion mitigation changes,,,East
INC0487,Slow Speed reported in Miami. Automated monitoring detected abnormal behavior.,Technician,1760943334,Resolved,NOC-Level1,South,Miami,Slow Speed,"{""notes"": ""Initial triage performed"", ""updated_by"": ""SignalAnalyzer""}",HUB-B1,NODE-404,SignalAnalyzer,CMTS upstream channel flap,610752,HUB-B1-NODE-404-610752,INC0284,CR90832,Scheduled hub clean-up activity,1760932534,1760943334,South
INC0488,Modem Offline reported in Boulder. Automated monitoring detected abnormal behavior.,CustomerCare,1751367970,Cancelled,NetEng,West,Boulder,Modem Offline,"{""notes"": ""Initial triage performed"", ""updated_by"": ""SignalAnalyzer""}",HUB-B1,NODE-101,SignalAnalyzer,Video feed disruption,571575,HUB-B1-NODE-101-571575,INC0391,CR65651,Planned CMTS software upgrade,1751385970,1751389570,West
INC0489,Packet Loss reported in Dallas. Automated monitoring detected abnormal behavior.,Technician,1755111540,Resolved,FieldOps,Central,Dallas,Packet Loss,"{""notes"": ""Initial triage performed"", ""updated_by"": ""SignalAnalyzer""}",HUB-D4,NODE-404,SignalAnalyzer,Optical power low,848138,HUB-D4-NODE-404-848138,INC0315,CR28579,Core router reboot for patching,,,Central
INC0490,Slow Speed reported in Boston. Automated monitoring detected abnormal behavior.,Technician,1754540021,Cancelled,FieldOps,East,Boston,Slow Speed,"{""notes"": ""Initial triage performed"", ""updated_by"": ""AlertBot""}",HUB-C2,NODE-505,AlertBot,High SNR variance,122583,HUB-C2-NODE-505-122583,INC0107,CR65509,Scheduled hub clean-up activity,1754561621,1754568821,East
INC0491,Hub Issue reported in Atlanta. Automated monitoring detected abnormal behavior.,AutoMonitor,1757652286,Cancelled,NetEng,South,Atlanta,Hub Issue,"{""notes"": ""Initial triage performed"", ""updated_by"": ""SignalAnalyzer""}",HUB-B1,NODE-202,SignalAnalyzer,MAC domain downstream failure,122475,HUB-B1-NODE-202-122475,INC0096,CR60436,Scheduled hub clean-up activity,1757663086,1757695486,South
INC0492,Authentication Failure reported in Houston. Automated monitoring detected abnormal behavior.,AutoMonitor,1763695880,Resolved,NOC-Level1,South,Houston,Authentication Failure,"{""notes"": ""Initial triage performed"", ""updated_by"": ""SignalAnalyzer""}",HUB-D4,NODE-303,SignalAnalyzer,Frequent modem resets observed,369905,HUB-D4-NODE-303-369905,INC0210,CR38246,Scheduled hub clean-up activity,1763688680,1763695880,South
INC0493,Packet Loss reported in Miami. Automated monitoring detected abnormal behavior.,Technician,1753359411,Cancelled,FieldOps,South,Miami,Packet Loss,"{""notes"": ""Initial triage performed"", ""updated_by"": ""AutoMonitorX""}",HUB-C2,NODE-202,AutoMonitorX,Signal drop detected,411665,HUB-C2-NODE-202-411665,INC0236,CR75602,Core router reboot for patching,1753348611,1753377411,South
INC0494,Modem Offline reported in Boston. Automated monitoring detected abnormal behavior.,CustomerCare,1752701776,Open,NetEng,East,Boston,Modem Offline,"{""notes"": ""Initial triage performed"", ""updated_by"": ""SignalAnalyzer""}",HUB-A1,NODE-303,SignalAnalyzer,Video feed disruption,676189,HUB-A1-NODE-303-676189,INC0022,CR20082,Backbone congestion mitigation changes,,,East
INC0495,Video Outage reported in Houston. Automated monitoring detected abnormal behavior.,System,1754150296,Cancelled,NOC-Level2,South,Houston,Video Outage,"{""notes"": ""Initial triage performed"", ""updated_by"": ""NoiseReducer""}",HUB-C2,NODE-101,NoiseReducer,MAC domain downstream failure,793356,HUB-C2-NODE-101-793356,INC0284,CR64520,Planned power cycle maintenance,1754143096,1754164696,South
INC0496,Video Outage reported in Chicago. Automated monitoring detected abnormal behavior.,System,1756019713,Resolved,NOC-Level1,Central,Chicago,Video Outage,"{""notes"": ""Initial triage performed"", ""updated_by"": ""NoiseReducer""}",HUB-C2,NODE-101,NoiseReducer,CMTS upstream channel flap,408296,HUB-C2-NODE-101-408296,INC0476,CR81256,Planned power cycle maintenance,1756023313,1756030513,Central
INC0497,Slow Speed reported in Boston. Automated monitoring detected abnormal behavior.,Technician,1751667818,Cancelled,NetEng,East,Boston,Slow Speed,"{""notes"": ""Initial triage performed"", ""updated_by"": ""SignalAnalyzer""}",HUB-D4,NODE-505,SignalAnalyzer,Frequent modem resets observed,321660,HUB-D4-NODE-505-321660,INC0309,CR93550,Backbone congestion mitigation changes,1751657018,1751667818,East
INC0498,Node Down reported in Salt Lake City. Automated monitoring detected abnormal behavior.,Technician,1763833466,Resolved,NOC-Level2,West,Salt Lake City,Node Down,"{""notes"": ""Initial triage performed"", ""updated_by"": ""PulseAI""}",HUB-A1,NODE-101,PulseAI,MAC domain downstream failure,835460,HUB-A1-NODE-101-835460,INC0495,CR11771,Planned power cycle maintenance,1763826266,1763829866,West
INC0499,Fiber Cut reported in St. Louis. Automated monitoring detected abnormal behavior.,AutoMonitor,1762961554,Resolved,VideoOps,Central,St. Louis,Fiber Cut,"{""notes"": ""Initial triage performed"", ""updated_by"": ""SignalAnalyzer""}",HUB-A1,NODE-202,SignalAnalyzer,Optical power low,997468,HUB-A1-NODE-202-997468,INC0269,CR74969,Scheduled hub clean-up activity,1762968754,1762972354,Central
INC0500,Hub Issue reported in Chicago. Automated monitoring detected abnormal behavior.,AutoMonitor,1756827865,Cancelled,NOC-Level1,Central,Chicago,Hub Issue,"{""notes"": ""Initial triage performed"", ""updated_by"": ""AlertBot""}",HUB-C2,NODE-505,AlertBot,Video feed disruption,106115,HUB-C2-NODE-505-106115,INC0274,CR28405,Core router reboot for patching,1756838665,1756863865,Central
